id,email,password_hash,name,role,created_at,updated_at
USR001,panjikusuma@rocketmail.com,hashed_97a0e92b6aa84aa29d0c,Panji Kusuma,user,2022-07-16 18:43:51,2023-05-07 18:43:51
USR002,catur.wibowo@protonmail.com,hashed_a85b6928280e49879ba7,Catur Wibowo,user,2022-03-26 13:09:54,2022-05-05 13:09:54
USR003,phandoko@rocketmail.com,hashed_7edbae876fd44ca2a967,Prio Handoko,user,2022-12-06 08:21:40,2023-10-27 08:21:40
USR004,anastasia222@icloud.com,hashed_b6a1970dd72c43af8e45,Gisella Anastasia,user,2023-11-08 01:56:29,2024-03-23 01:56:29
USR006,rezapahlevi@icloud.com,hashed_4872b1c67fa4463a8438,Reza Pahlevi,user,2022-02-24 08:23:03,2023-06-12 08:23:03
USR007,dian89@gmail.com,hashed_cb43e5b6f2604a09a570,Dian Sastro,user,2021-03-28 21:31:04,2021-07-23 21:31:04
USR008,amunandar@rocketmail.com,hashed_0af1359fc5934198a6ee,Aris Munandar,user,2021-04-13 19:41:24,2021-07-30 19:41:24
USR010,jensen517@outlook.com,hashed_3a84312ae34a425397a0,Olivia Jensen,user,2021-08-10 22:38:20,2021-12-23 22:38:20
USR011,fshidqia@ymail.com,hashed_02e45be363af40f9be88,Fatin Shidqia,user,2023-06-28 02:56:43,2024-02-02 02:56:43
USR012,bsaphira@outlook.com,hashed_9c2b7649f35f42e0b7b1,Bella Saphira,user,2021-08-03 21:22:52,2022-04-20 21:22:52
USR013,citra300@ymail.com,hashed_fed10ce2cacf45fdbf24,Bunga Citra,user,2021-08-26 10:20:14,2022-07-13 10:20:14
USR014,bcitra@icloud.com,hashed_43d9017d5a524572918d,Bunga Citra,user,2022-08-21 17:09:54,2023-03-04 17:09:54
USR015,yuki66@outlook.com,hashed_dd08a6af69154f8e84fc,Yuki Kato,user,2023-05-10 09:45:22,2024-07-23 09:45:22
USR018,zabidin@icloud.com,hashed_d6b3d9d456cc4ae8acbe,Zainal Abidin,user,2022-02-14 03:51:19,2023-06-26 03:51:19
USR019,kusuma163@icloud.com,hashed_74080c91c2d542b2b925,Hendra Kusuma,user,2023-08-30 08:52:51,2024-01-29 08:52:51
USR020,bastian270@protonmail.com,hashed_f951aab0b4c444109fff,Vino Bastian,user,2022-08-04 20:31:07,2023-08-29 20:31:07
USR021,persik67@outlook.com,hashed_171f567e3a5648d8aa2b,Dewi Persik,user,2021-01-01 21:19:18,2021-11-03 21:19:18
USR022,victor33@ymail.com,hashed_b31b5b9dec014dc493b2,Victor Nasution,user,2022-04-23 16:57:27,2022-08-23 16:57:27
USR023,aris.munandar@outlook.com,hashed_2f6369bb3bbc43769c64,Aris Munandar,user,2021-05-14 01:23:31,2022-05-23 01:23:31
USR024,yasminahmad@protonmail.com,hashed_d7c2c1abb3774da08080,Yasmin Ahmad,user,2021-07-15 08:41:30,2021-09-18 08:41:30
USR025,alfarizi746@yahoo.com,hashed_11b25e5b81f846f1894a,Daffa Alfarizi,user,2023-03-31 17:06:16,2024-06-19 17:06:16
USR026,santosa630@protonmail.com,hashed_5b8d47e3aad4413bad44,Willy Santosa,user,2023-12-08 16:07:46,2024-03-19 16:07:46
USR028,fikri.maulana@yahoo.com,hashed_963ba83733684ac28f07,Fikri Maulana,user,2021-04-10 11:03:30,2021-04-10 11:03:30
USR029,catur97@hotmail.com,hashed_ff0b638b493440b58754,Catur Wibowo,user,2021-04-21 06:48:50,2022-04-18 06:48:50
USR030,kevin.ardian@yahoo.com,hashed_3bd4b664e8044bed8fa9,Kevin Ardian,user,2022-05-29 07:16:01,2022-07-04 07:16:01
USR031,asmara477@protonmail.com,hashed_21c0fa2aa27f429eb6e3,Happy Asmara,user,2023-04-18 16:05:53,2023-06-24 16:05:53
USR032,bambangsugianto@icloud.com,hashed_a9a12f91a9084faabb88,Bambang Sugianto,user,2022-01-13 11:35:37,2023-02-18 11:35:37
USR033,jihan47@gmail.com,hashed_03d20be2d3524111a60c,Jihan Audy,user,2023-10-21 16:39:27,2024-05-28 16:39:27
USR034,dsastro@icloud.com,hashed_185a4327d79b4fafa0e4,Dian Sastro,user,2021-03-26 03:38:53,2022-03-05 03:38:53
USR035,ferdisambo@icloud.com,hashed_aaabc816800c483b81db,Ferdi Sambo,user,2022-06-12 02:07:04,2023-07-26 02:07:04
USR036,mirza74@hotmail.com,hashed_16eec8c3d33b45c4a966,Mirza Ghulam,user,2022-11-28 21:31:31,2023-02-07 21:31:31
USR037,syahrinisundari@rocketmail.com,hashed_4e5a84ae02814b19b365,Syahrini Sundari,user,2021-04-28 02:33:08,2021-12-10 02:33:08
USR038,tora.sudiro@hotmail.com,hashed_b13b2e068b0a46aaa59a,Tora Sudiro,user,2023-10-11 01:43:25,2024-07-13 01:43:25
USR039,mirzaghulam@icloud.com,hashed_3ea75bee4ff94d3e9152,Mirza Ghulam,user,2022-01-03 04:51:58,2022-03-29 04:51:58
USR040,yanto.subekti@protonmail.com,hashed_5bd770c90d5348f991dc,Yanto Subekti,user,2021-04-02 02:05:10,2021-06-25 02:05:10
USR041,victor65@protonmail.com,hashed_07473210c4ce4002b32f,Victor Nasution,user,2022-12-08 19:56:29,2023-05-03 19:56:29
USR042,elvy.sukaesih@gmail.com,hashed_84a4543450e64aa3b38b,Elvy Sukaesih,user,2023-05-14 08:32:41,2024-04-16 08:32:41
USR043,wibowo234@ymail.com,hashed_b7295aa4858346008824,Guntur Wibowo,user,2021-04-01 20:24:54,2022-01-22 20:24:54
USR044,ihakim@protonmail.com,hashed_07e7b660fdad4aeebe6d,Irfan Hakim,user,2021-03-19 21:26:30,2022-01-12 21:26:30
USR045,andipratama@gmail.com,hashed_4c0eaff20d6940c09561,Andi Pratama,user,2021-03-30 08:37:27,2022-08-03 08:37:27
USR046,kezia97@gmail.com,hashed_5e33199e0a50465b8236,Kezia Warouw,user,2021-04-16 13:45:52,2022-03-27 13:45:52
USR047,ucok.harahap@yahoo.com,hashed_1aacb623c0e24d14a138,Ucok Harahap,user,2023-06-04 23:02:19,2023-10-08 23:02:19
USR049,ivan23@hotmail.com,hashed_57362ebeb53b47b0a220,Ivan Maulana,user,2022-05-04 01:37:24,2022-09-03 01:37:24
USR050,manoppo204@icloud.com,hashed_4797e707fc8f459190e7,Marshanda Manoppo,user,2022-12-12 06:34:03,2023-05-22 06:34:03
USR052,ussy.sulistiawaty@protonmail.com,hashed_93bd0d5177ad4122bd02,Ussy Sulistiawaty,user,2022-06-27 03:59:32,2023-09-21 03:59:32
USR053,rossa35@rocketmail.com,hashed_c785da47d4b940b58171,Rossa Roslaina,user,2022-11-12 16:42:17,2024-01-12 16:42:17
USR054,hendropriyono60@protonmail.com,hashed_945323e660134c628c1e,Diaz Hendropriyono,user,2023-10-13 22:00:15,2023-10-13 22:00:15
USR055,ssundari@protonmail.com,hashed_ac262e068d5d4630a3ba,Syahrini Sundari,user,2021-06-10 21:59:04,2022-10-03 21:59:04
USR056,galih.permana@ymail.com,hashed_19bfd130e9834cc9b9ee,Galih Permana,user,2023-05-10 09:40:20,2023-07-28 09:40:20
USR057,jperez@yahoo.com,hashed_ea754e1cac184d1bbad1,Julia Perez,user,2021-11-13 06:39:28,2022-10-30 06:39:28
USR058,rizalramli@outlook.com,hashed_32866cccf7e346769545,Rizal Ramli,user,2021-03-20 21:55:12,2021-05-06 21:55:12
USR059,roslaina478@icloud.com,hashed_9d84243598c34b72a853,Rossa Roslaina,user,2022-06-03 03:53:20,2023-07-02 03:53:20
USR060,btsabina@protonmail.com,hashed_f968d3c27aa645abaaa9,Beby Tsabina,user,2022-11-18 08:49:18,2023-08-27 08:49:18
USR061,septriasa561@icloud.com,hashed_08929a1d15b246579c19,Acha Septriasa,user,2023-12-10 11:04:43,2025-03-16 11:04:43
USR062,marlina974@icloud.com,hashed_d20d6fab41d245758126,Lina Marlina,user,2021-08-19 01:20:11,2022-03-27 01:20:11
USR063,awijaya@yahoo.com,hashed_bc65cb21ac4a48269b6c,Arya Wijaya,user,2021-03-03 23:23:19,2022-06-06 23:23:19
USR064,dsiregar@gmail.com,hashed_3ee4904355c840538491,Denny Siregar,user,2022-07-04 10:05:42,2023-08-07 10:05:42
USR066,perez528@ymail.com,hashed_73cb457ab7b4416980e4,Julia Perez,user,2021-10-03 00:59:26,2022-12-28 00:59:26
USR067,salmah357@rocketmail.com,hashed_aeb84d4f2a8a4abd9b41,Erin Salmah,user,2022-10-02 13:46:45,2023-11-16 13:46:45
USR068,iis31@protonmail.com,hashed_c50bd2ec52c9448188f7,Iis Dahlia,user,2021-09-05 07:19:32,2022-10-13 07:19:32
USR069,jkurniawan@hotmail.com,hashed_341a64dcd37847c79f6f,Jefri Kurniawan,user,2023-01-02 04:35:45,2023-04-25 04:35:45
USR070,rossa41@protonmail.com,hashed_7c7de10baa1d47ed916e,Rossa Roslaina,user,2021-12-20 13:22:29,2021-12-20 13:22:29
USR071,sastro966@gmail.com,hashed_ed9db89187cf492f9a67,Dian Sastro,user,2021-04-18 20:11:35,2022-08-26 20:11:35
USR072,cparamida@yahoo.com,hashed_734807dc650647f2a7ed,Cici Paramida,user,2023-11-22 14:16:17,2025-01-26 14:16:17
USR073,fmaulana@ymail.com,hashed_35f2b10a336b470b9dc3,Fikri Maulana,user,2022-02-10 18:48:30,2022-05-12 18:48:30
USR074,chynthia306@outlook.com,hashed_8b26728bc0334b75b718,Laudya Chynthia,user,2023-07-16 17:47:18,2024-02-23 17:47:18
USR075,basri900@gmail.com,hashed_b452ca88f37a40bd8f53,Hasan Basri,user,2023-03-06 11:14:01,2023-05-04 11:14:01
USR076,elvy.sukaesih@yahoo.com,hashed_f7d07562c8574f1bba42,Elvy Sukaesih,user,2022-11-09 09:24:09,2022-11-09 09:24:09
USR077,zhendrik@outlook.com,hashed_7db5d370b3c34f5d9f53,Zarry Hendrik,user,2023-11-08 18:50:34,2024-02-16 18:50:34
USR078,yukikato@rocketmail.com,hashed_f8ccfac2a6fe4afd9a8e,Yuki Kato,user,2022-05-28 22:44:58,2023-04-12 22:44:58
USR079,luthfi.aziz@ymail.com,hashed_3b102f6726c0423194c9,Luthfi Aziz,user,2022-04-12 12:49:32,2022-12-27 12:49:32
USR080,marcia443@protonmail.com,hashed_5aeb1343e8a94e62a229,Sheila Marcia,user,2022-04-05 06:49:29,2023-01-13 06:49:29
USR081,inatassa@rocketmail.com,hashed_c2ad7bbc2315411d954a,Ika Natassa,user,2023-11-19 04:14:35,2024-12-06 04:14:35
USR082,laura107@ymail.com,hashed_ac3268fa365a427e81a4,Cinta Laura,user,2023-05-02 04:34:47,2023-05-02 04:34:47
USR083,tsabina819@icloud.com,hashed_1312d9842ef4419583a1,Beby Tsabina,user,2023-08-01 09:58:57,2024-07-01 09:58:57
USR084,kato877@ymail.com,hashed_6a5fab46c36d43cfbcae,Yuki Kato,user,2023-03-06 01:56:52,2023-11-03 01:56:52
USR085,bella44@icloud.com,hashed_16ed9a19db064fe5950e,Bella Saphira,user,2023-10-21 11:44:10,2023-12-03 11:44:10
USR086,jakapurnama@hotmail.com,hashed_6bd852b49cb0471bbd4f,Jaka Purnama,user,2021-05-26 01:43:37,2022-07-19 01:43:37
USR088,pratama293@hotmail.com,hashed_51541987c47d4ddfaa21,Andi Pratama,user,2021-04-24 03:13:59,2021-12-13 03:13:59
USR089,zsungkar@outlook.com,hashed_e6b741e36d914170b6e1,Zaskia Sungkar,user,2023-12-18 17:58:05,2024-07-01 17:58:05
USR090,vallen391@gmail.com,hashed_8be4d4644cf34cf0bbcd,Via Vallen,user,2021-01-09 14:43:32,2022-04-11 14:43:32
USR091,inatassa@protonmail.com,hashed_8837505ded2c46858202,Ika Natassa,user,2022-10-23 10:35:56,2023-02-12 10:35:56
USR092,claura@gmail.com,hashed_d6677289e92045d98e62,Cinta Laura,user,2021-03-20 00:16:37,2021-12-30 00:16:37
USR093,andien.aisyah@icloud.com,hashed_78f4ab4e4c1c4e129f14,Andien Aisyah,user,2022-12-23 19:09:19,2023-11-29 19:09:19
USR094,hana91@rocketmail.com,hashed_38fcdc8de2d146979cc0,Hana Pertiwi,user,2022-11-19 12:19:59,2023-09-28 12:19:59
USR095,larasati431@hotmail.com,hashed_7c216b3b747f41e9a4e4,Kirana Larasati,user,2023-05-02 02:08:48,2023-12-16 02:08:48
USR096,andipratama@outlook.com,hashed_0fcfa0dfb59545b6ac20,Andi Pratama,user,2022-02-07 15:21:40,2023-02-26 15:21:40
USR097,catur.wibowo@hotmail.com,hashed_535ac63e84824c10aa3a,Catur Wibowo,user,2023-03-21 19:27:56,2023-11-24 19:27:56
USR098,naufalihsan@rocketmail.com,hashed_f2b093d541294622babb,Naufal Ihsan,user,2022-03-20 20:43:03,2022-07-18 20:43:03
USR099,mirza.ghulam@yahoo.com,hashed_99ea9c210091467f9870,Mirza Ghulam,user,2021-08-03 22:57:32,2021-10-19 22:57:32
USR101,saphira219@protonmail.com,hashed_d52cd2027df04526848a,Bella Saphira,user,2021-11-18 07:20:41,2023-01-18 07:20:41
USR102,sari912@gmail.com,hashed_8a00bb2aec7844c5b05d,Maya Sari,user,2023-12-17 10:58:35,2023-12-27 10:58:35
USR103,nina.agustina@ymail.com,hashed_c74b7e2582ad4d41a905,Nina Agustina,user,2021-01-10 03:49:18,2022-05-07 03:49:18
USR104,ilham.syahputra@ymail.com,hashed_83e30b6c1a2e492b9bb1,Ilham Syahputra,user,2022-10-13 22:14:44,2023-07-15 22:14:44
USR105,aziz387@rocketmail.com,hashed_3d6a1968639c4bde9981,Luthfi Aziz,user,2021-12-09 14:16:42,2022-08-15 14:16:42
USR107,vino41@yahoo.com,hashed_73cfcea39047439992b7,Vino Bastian,user,2021-07-18 06:18:32,2022-06-01 06:18:32
USR108,lkejora@outlook.com,hashed_d8614a02f6814113b27e,Lesty Kejora,user,2023-10-27 22:25:21,2023-11-09 22:25:21
USR109,surya.darma@protonmail.com,hashed_1a678238763c4fcf8bdb,Surya Darma,user,2021-10-10 07:20:57,2021-11-04 07:20:57
USR110,sungkar391@outlook.com,hashed_60a569038b8b43189940,Zaskia Sungkar,user,2022-06-09 06:55:56,2023-07-03 06:55:56
USR111,khoirul.anwar@gmail.com,hashed_0d7045eb068548bd87c5,Khoirul Anwar,user,2022-10-17 21:04:33,2023-02-23 21:04:33
USR112,via87@protonmail.com,hashed_d522edfd81274d2e9965,Via Vallen,user,2021-03-22 21:53:31,2022-07-22 21:53:31
USR113,rahman656@icloud.com,hashed_bc3483d8f9004c9ca0bf,Hafiz Rahman,user,2023-10-10 11:10:29,2023-10-30 11:10:29
USR114,aris.munandar@gmail.com,hashed_8b77955a684c41a498d8,Aris Munandar,user,2021-02-01 15:49:19,2021-12-16 15:49:19
USR115,xnasution@icloud.com,hashed_ff56e1cf824e4fb49faa,Xander Nasution,user,2023-05-27 02:18:35,2024-09-23 02:18:35
USR116,cfrederica@rocketmail.com,hashed_cbd9095a221b4fec918b,Chacha Frederica,user,2021-09-18 15:37:57,2022-07-25 15:37:57
USR117,kezia18@hotmail.com,hashed_9eeb1e2674da44e48330,Kezia Warouw,user,2021-09-12 09:37:54,2023-01-18 09:37:54
USR118,satria.wicaksono@ymail.com,hashed_ba8f8b14a8f7463ea182,Satria Wicaksono,user,2023-06-14 11:15:28,2024-05-25 11:15:28
USR119,gustiwana118@protonmail.com,hashed_9ace895847324f0a81bd,Eka Gustiwana,user,2021-11-05 02:16:12,2021-12-13 02:16:12
USR120,kusuma698@outlook.com,hashed_0b6ac76b0d4e496e9f80,Panji Kusuma,user,2023-12-20 01:14:20,2025-01-18 01:14:20
USR121,velovevexia@outlook.com,hashed_4c4f834751b04ea4974a,Velove Vexia,user,2023-05-30 03:29:41,2024-07-03 03:29:41
USR122,esalmah@icloud.com,hashed_72ffc2a65de74108a7f3,Erin Salmah,user,2021-04-18 02:53:36,2022-01-02 02:53:36
USR123,yuki.kato@rocketmail.com,hashed_37afed00ca304269af29,Yuki Kato,user,2021-06-13 22:46:27,2022-01-20 22:46:27
USR124,valdi.irfan@gmail.com,hashed_ab0461fa996a46bcae03,Valdi Irfan,user,2021-08-26 15:55:24,2022-04-05 15:55:24
USR125,putri.rahayu@ymail.com,hashed_c225667442c04febb987,Putri Rahayu,user,2023-08-15 18:52:36,2024-10-01 18:52:36
USR126,dahlia579@gmail.com,hashed_9f9cd595fecf48059e25,Iis Dahlia,user,2023-07-10 09:03:17,2023-11-24 09:03:17
USR127,ssundari@outlook.com,hashed_b92ccedcb14641709e72,Syahrini Sundari,user,2022-03-10 07:11:55,2023-06-04 07:11:55
USR128,dewipersik@gmail.com,hashed_ba52fa683218439dacd7,Dewi Persik,user,2023-11-04 23:52:18,2024-05-16 23:52:18
USR129,gita95@outlook.com,hashed_e3bbb555c4f54cd8a080,Gita Savitri,user,2023-01-28 09:10:44,2023-05-16 09:10:44
USR130,oktafirmansyah@protonmail.com,hashed_ffdf08684c464f2887a8,Okta Firmansyah,user,2023-07-16 02:16:10,2024-07-09 02:16:10
USR131,jaka32@yahoo.com,hashed_99da6c4f31e84b6f87d9,Jaka Sembung,user,2021-10-24 19:05:59,2021-12-06 19:05:59
USR132,jaka.sembung@gmail.com,hashed_2e99ee36b00540ffb953,Jaka Sembung,user,2022-01-09 07:55:32,2022-12-28 07:55:32
USR133,titi76@protonmail.com,hashed_9b19a1ef77d448c2886b,Titi Kamal,user,2021-01-27 18:52:31,2021-03-15 18:52:31
USR134,novan44@ymail.com,hashed_38f6dbb0cba340878bb5,Novan Hidayat,user,2023-10-29 10:13:25,2024-08-21 10:13:25
USR135,fmaulana@rocketmail.com,hashed_1829410445734cb48a03,Fikri Maulana,user,2023-05-05 23:58:10,2023-10-21 23:58:10
USR136,omarabdillah@hotmail.com,hashed_3c467c2c923e4cb69bd9,Omar Abdillah,user,2021-12-25 03:04:52,2022-02-24 03:04:52
USR137,awijaya@protonmail.com,hashed_e83800210bde400da4a3,Arya Wijaya,user,2023-12-09 03:09:44,2024-03-12 03:09:44
USR138,rossa.roslaina@hotmail.com,hashed_ea18e0fe07f14a8da29b,Rossa Roslaina,user,2023-07-05 21:23:34,2024-11-16 21:23:34
USR139,sukaesih534@hotmail.com,hashed_cba14e97355147538b8b,Elvy Sukaesih,user,2021-10-29 13:13:40,2022-03-29 13:13:40
USR141,hidayat891@ymail.com,hashed_73e121bf20c54ffe96a6,Taufik Hidayat,user,2021-07-16 04:02:26,2022-06-07 04:02:26
USR142,baim.wong@outlook.com,hashed_1796e20c9d0444c8a5e2,Baim Wong,user,2023-06-11 18:39:55,2023-11-03 18:39:55
USR143,aryawijaya@hotmail.com,hashed_8a1acd97282c4e6cae33,Arya Wijaya,user,2021-03-21 19:27:46,2021-07-28 19:27:46
USR144,bskak@gmail.com,hashed_373910feda684a288fc5,Bayu Skak,user,2022-09-15 11:27:22,2023-05-24 11:27:22
USR145,dian23@ymail.com,hashed_21835876e4e74c82a22c,Dian Sastro,user,2021-08-20 18:29:20,2022-10-09 18:29:20
USR146,uharahap@hotmail.com,hashed_481b2355e2534f11adc4,Ucok Harahap,user,2021-07-04 00:11:39,2022-04-15 00:11:39
USR147,bprasetyo@outlook.com,hashed_5bbc7bdc01a046638b1d,Bagas Prasetyo,user,2021-12-17 14:13:34,2023-01-18 14:13:34
USR148,acha39@icloud.com,hashed_2ea5abb75eb24c0ebc3c,Acha Septriasa,user,2023-07-04 05:48:26,2024-02-08 05:48:26
USR149,yshara@rocketmail.com,hashed_a4fddda5f5dc43dd8306,Yuni Shara,user,2021-06-04 03:41:44,2022-10-02 03:41:44
USR150,arismunandar@gmail.com,hashed_69bab49491c0461b9a6c,Aris Munandar,user,2021-05-07 02:53:17,2021-07-26 02:53:17
USR151,audy909@gmail.com,hashed_e84b5f6020814d298612,Jihan Audy,user,2022-09-27 14:38:20,2023-05-15 14:38:20
USR152,wendi.cagur@protonmail.com,hashed_077b45c5efde44599167,Wendi Cagur,user,2022-03-24 13:19:43,2023-03-20 13:19:43
USR153,bellasaphira@gmail.com,hashed_4587d446a2e64269ac1c,Bella Saphira,user,2021-12-29 14:40:12,2023-04-16 14:40:12
USR154,ihakim@yahoo.com,hashed_11b263d3d4ca4214b4ac,Irfan Hakim,user,2021-11-04 07:14:05,2022-06-09 07:14:05
USR155,andika287@icloud.com,hashed_f4b2688b315e47f6896e,Putra Andika,user,2022-02-17 15:29:46,2023-04-16 15:29:46
USR156,smarcia@gmail.com,hashed_d5fe9d12ba4843a7b356,Sheila Marcia,user,2023-07-14 08:50:58,2024-07-31 08:50:58
USR157,rossa.roslaina@outlook.com,hashed_f4f85237f12441119af6,Rossa Roslaina,user,2022-12-30 02:19:36,2023-12-17 02:19:36
USR158,daffa.alfarizi@gmail.com,hashed_c71a5dd49ea4476082ce,Daffa Alfarizi,user,2023-04-19 19:58:18,2023-12-27 19:58:18
USR159,zarryhendrik@icloud.com,hashed_92ae8426966e4509be68,Zarry Hendrik,user,2022-05-16 17:01:10,2023-03-21 17:01:10
USR160,rina.harahap@outlook.com,hashed_1abdb446a78d45c699a8,Rina Harahap,user,2023-06-13 12:58:37,2024-04-08 12:58:37
USR161,luthfi91@yahoo.com,hashed_358e5b420f62430c84a9,Luthfi Aziz,user,2022-02-23 16:05:57,2022-12-15 16:05:57
USR162,aaisyah@gmail.com,hashed_5aac9332466b4285b32f,Andien Aisyah,user,2023-10-10 02:02:03,2024-05-23 02:02:03
USR163,fajar.ramadhan@protonmail.com,hashed_69f95850648d45fab103,Fajar Ramadhan,user,2023-09-14 02:29:22,2024-11-03 02:29:22
USR164,firmansyah658@rocketmail.com,hashed_2c598416a76c40ff9e50,Oscar Firmansyah,user,2022-06-02 18:38:15,2022-11-13 18:38:15
USR165,handoko604@outlook.com,hashed_85725d2afb1642658896,Prio Handoko,user,2023-12-14 14:01:44,2024-08-23 14:01:44
USR166,ahmad397@hotmail.com,hashed_04e98783acc2462280b4,Yasmin Ahmad,user,2023-05-05 13:05:17,2023-05-23 13:05:17
USR167,ofirmansyah@yahoo.com,hashed_3d12970230c74ac48547,Oscar Firmansyah,user,2022-09-20 20:44:17,2023-12-06 20:44:17
USR168,syahputra37@outlook.com,hashed_15198f257e174b1e90cb,Ilham Syahputra,user,2023-04-23 21:21:19,2023-12-15 21:21:19
USR169,yusufhabibi@ymail.com,hashed_00a997ecd2894624b085,Yusuf Habibi,user,2023-02-14 09:10:11,2023-12-31 09:10:11
USR170,siregar292@gmail.com,hashed_7c8e3b86f8034aaf9cb6,Denny Siregar,user,2021-07-23 12:31:37,2022-11-09 12:31:37
USR171,iis94@ymail.com,hashed_94b896600e2c4e5789c5,Iis Dahlia,user,2021-02-14 20:19:50,2022-06-27 20:19:50
USR174,yanto.subekti@yahoo.com,hashed_70c6a75cea3e4f7ea65a,Yanto Subekti,user,2022-03-30 09:23:15,2022-12-15 09:23:15
USR176,elvy.sukaesih@ymail.com,hashed_7979a1f39ac34c19b13a,Elvy Sukaesih,user,2023-07-21 02:24:59,2024-04-06 02:24:59
USR177,nasution481@ymail.com,hashed_85215e25b0e641bb9b0a,Victor Nasution,user,2022-10-07 14:10:29,2023-03-30 14:10:29
USR178,irfan.hakim@outlook.com,hashed_34a6b595eb3d4154a790,Irfan Hakim,user,2022-03-16 09:00:05,2023-03-22 09:00:05
USR179,maudy70@hotmail.com,hashed_008820663a6143f6924e,Maudy Ayunda,user,2023-01-31 15:06:54,2024-04-18 15:06:54
USR180,yuki.kato@protonmail.com,hashed_c39c4e070a054e338a5f,Yuki Kato,user,2023-05-08 08:58:21,2024-06-01 08:58:21
USR181,khoirul71@ymail.com,hashed_ab10412f37a741b19f03,Khoirul Anwar,user,2021-10-21 01:28:12,2022-10-13 01:28:12
USR183,jihan86@ymail.com,hashed_6aff4a54200f4aa4b457,Jihan Audy,user,2022-08-16 05:19:38,2023-03-01 05:19:38
USR184,zulkifliamir@hotmail.com,hashed_327bfe8d293e430e9857,Zulkifli Amir,user,2021-08-25 06:53:50,2022-05-05 06:53:50
USR185,irfan14@gmail.com,hashed_9c3e58299e7446c7a1d7,Irfan Hakim,user,2022-05-31 17:39:34,2023-08-19 17:39:34
USR186,manoppo11@yahoo.com,hashed_ee6bd480ebc647b59c86,Marshanda Manoppo,user,2022-12-11 19:30:48,2022-12-18 19:30:48
USR187,ysubekti@outlook.com,hashed_80431b5d519a4279a16b,Yanto Subekti,user,2021-08-28 19:00:12,2021-10-05 19:00:12
USR188,btsabina@ymail.com,hashed_4ca4dbde18b04d0dbf4a,Beby Tsabina,user,2023-12-13 01:53:57,2024-07-03 01:53:57
USR189,ayuting@gmail.com,hashed_09e96080c07241bd9ae6,Ayu Ting Ting,user,2023-04-09 22:52:54,2023-10-20 22:52:54
USR190,bisono624@hotmail.com,hashed_40d52b86df6e40d89344,Tika Bisono,user,2023-01-29 00:00:02,2024-04-19 00:00:02
USR191,elunggana@outlook.com,hashed_313a29f1c2e545259edd,Edwin Lunggana,user,2023-11-30 04:15:55,2025-03-15 04:15:55
USR192,via.vallen@rocketmail.com,hashed_6d78c1304cd0498eab36,Via Vallen,user,2021-06-02 22:13:32,2022-06-26 22:13:32
USR193,andika496@outlook.com,hashed_a4b7f96d468c480ea11e,Putra Andika,user,2023-12-15 02:14:19,2024-05-16 02:14:19
USR194,ardian20@ymail.com,hashed_2f765aad897d4482a2d6,Kevin Ardian,user,2022-04-01 17:32:36,2022-10-01 17:32:36
USR195,cagur57@hotmail.com,hashed_75c2b62a8a7a42b1b53f,Wendi Cagur,user,2023-05-30 03:19:38,2024-05-13 03:19:38
USR196,uutpermatasari@outlook.com,hashed_115879277ddf4bb4bea7,Uut Permatasari,user,2022-08-18 06:17:06,2023-07-01 06:17:06
USR197,omiani@rocketmail.com,hashed_a5a14fa4c4e84e219d1b,Octa Miani,user,2021-12-27 16:36:45,2022-08-20 16:36:45
USR198,wong787@protonmail.com,hashed_0bef3831352c4ca5ba83,Baim Wong,user,2022-12-24 17:53:54,2024-03-29 17:53:54
USR199,lina43@ymail.com,hashed_b14eb9e0315e44f59861,Lina Marlina,user,2022-06-21 19:37:12,2023-04-17 19:37:12
USR200,salim296@outlook.com,hashed_8de5a4a825684c11a839,Agus Salim,user,2022-12-11 16:04:24,2024-02-16 16:04:24
USR201,arismunandar@outlook.com,hashed_b2c343ada39443c093ef,Aris Munandar,user,2021-06-15 16:19:19,2021-10-14 16:19:19
USR202,osetiana@outlook.com,hashed_664473447e7440d9995b,Oki Setiana,user,2023-12-23 07:00:49,2023-12-23 07:00:49
USR203,zarryhendrik@ymail.com,hashed_5a393d42f0164fb38e40,Zarry Hendrik,user,2023-05-30 03:21:46,2024-08-14 03:21:46
USR204,purwadinata396@icloud.com,hashed_875ae47edd454eae9a62,Hesti Purwadinata,user,2023-08-01 00:28:21,2024-08-16 00:28:21
USR205,msanjaya@ymail.com,hashed_bb2779db110a4c1eb669,Mahendra Sanjaya,user,2021-12-24 11:26:07,2022-10-30 11:26:07
USR206,sigitprabowo@icloud.com,hashed_b9d07bc0b52b43009270,Sigit Prabowo,user,2022-01-25 08:02:39,2023-01-07 08:02:39
USR207,vexia602@gmail.com,hashed_df91b29935274cb7ab4a,Velove Vexia,user,2021-08-01 11:29:58,2022-06-18 11:29:58
USR208,cfrederica@yahoo.com,hashed_6f6b9a21be0f4657a3e6,Chacha Frederica,user,2022-11-16 19:04:47,2022-12-03 19:04:47
USR209,tikabisono@hotmail.com,hashed_c6918da33a2948149042,Tika Bisono,user,2022-04-04 10:30:54,2022-09-18 10:30:54
USR210,lina13@gmail.com,hashed_76533a6aca214fcba55c,Lina Marlina,user,2023-04-18 22:34:43,2024-07-09 22:34:43
USR211,rossaroslaina@ymail.com,hashed_34b1ebf6f9bb4c79a017,Rossa Roslaina,user,2021-09-13 14:39:38,2022-01-22 14:39:38
USR212,jperez@rocketmail.com,hashed_799709faf15343018051,Julia Perez,user,2022-04-04 11:40:14,2023-04-21 11:40:14
USR213,ucok.harahap@hotmail.com,hashed_63a9a1bb30f249c1a6bb,Ucok Harahap,user,2021-04-27 23:21:49,2021-07-08 23:21:49
USR214,rroslaina@ymail.com,hashed_378bffee3204469a8b35,Rossa Roslaina,user,2023-11-14 15:41:11,2024-06-04 15:41:11
USR215,ramli362@yahoo.com,hashed_8a4c1f768e794394bf89,Rizal Ramli,user,2022-09-05 22:48:21,2022-09-12 22:48:21
USR216,bastian55@yahoo.com,hashed_a606c29a26614afea7af,Vino Bastian,user,2023-11-11 10:40:54,2024-03-24 10:40:54
USR217,taufikhidayat@hotmail.com,hashed_a237c759ea874d5eb148,Taufik Hidayat,user,2021-06-18 07:26:07,2022-05-29 07:26:07
USR218,mirza71@gmail.com,hashed_3f232ccc4a734d309001,Mirza Ghulam,user,2023-08-06 17:30:46,2023-11-27 17:30:46
USR219,inatassa@hotmail.com,hashed_c0f5cd99a4c742bcbf4b,Ika Natassa,user,2023-12-26 02:03:04,2024-05-28 02:03:04
USR220,putra955@yahoo.com,hashed_91d34626254f48d59397,Lendra Putra,user,2021-02-27 19:22:07,2021-08-01 19:22:07
USR221,sundari768@yahoo.com,hashed_f8924d31196e444886aa,Syahrini Sundari,user,2023-04-16 01:11:24,2023-06-24 01:11:24
USR222,indri3@ymail.com,hashed_82874658d06c43828389,Gracia Indri,user,2023-12-18 22:48:18,2025-04-15 22:48:18
USR223,budisantoso@yahoo.com,hashed_1ff606b966114aadadfb,Budi Santoso,user,2022-10-07 12:00:58,2023-09-07 12:00:58
USR224,prilly43@rocketmail.com,hashed_119ea3c82ffe489e8a2f,Prilly Latuconsina,user,2022-03-11 13:28:06,2022-03-27 13:28:06
USR225,victornasution@icloud.com,hashed_6b49fef26a87432a9c97,Victor Nasution,user,2022-01-02 18:55:01,2023-03-15 18:55:01
USR227,lendra77@ymail.com,hashed_61de5507c7ff487ba305,Lendra Putra,user,2022-12-08 09:05:32,2023-01-23 09:05:32
USR228,andi27@protonmail.com,hashed_7357cf637fc44ed8a42c,Andi Pratama,user,2021-02-03 04:15:49,2021-02-28 04:15:49
USR229,novan.hidayat@rocketmail.com,hashed_acde47a4af244018823d,Novan Hidayat,user,2023-05-28 00:59:33,2023-09-10 00:59:33
USR230,permana926@gmail.com,hashed_23033ce0e88c47bf9efa,Galih Permana,user,2021-12-02 11:14:59,2023-01-22 11:14:59
USR231,bwong@protonmail.com,hashed_fdb87ab88649489fbfcb,Baim Wong,user,2023-07-15 19:48:21,2023-07-16 19:48:21
USR232,catur19@gmail.com,hashed_547fe8225a674eeb8579,Catur Wibowo,user,2023-04-20 04:41:31,2023-08-26 04:41:31
USR233,prisia54@icloud.com,hashed_71f2a8ccecf242d7a63c,Prisia Nasution,user,2021-07-24 17:58:50,2021-07-31 17:58:50
USR234,fatinshidqia@rocketmail.com,hashed_b2d323e1f5c44e11895f,Fatin Shidqia,user,2021-01-25 12:21:41,2021-04-24 12:21:41
USR235,agus.salim@ymail.com,hashed_4e00df1a519c4740804d,Agus Salim,user,2021-06-26 13:09:11,2022-07-12 13:09:11
USR236,zsungkar@rocketmail.com,hashed_a2ea9ff55e8f47d29d8e,Zaskia Sungkar,user,2023-07-12 05:28:24,2023-09-05 05:28:24
USR237,zulkifli32@protonmail.com,hashed_b04f15b3d2cc43a7b5d8,Zulkifli Amir,user,2023-10-21 13:41:13,2024-07-13 13:41:13
USR238,nanda85@gmail.com,hashed_c3dfc4ed9801445ba3e7,Nanda Putra,user,2023-01-15 01:44:23,2024-03-23 01:44:23
USR240,maulana574@rocketmail.com,hashed_348e383b2355406a93c2,Ivan Maulana,user,2021-07-16 00:45:48,2021-12-03 00:45:48
USR241,lina82@gmail.com,hashed_98f5513825d54501a058,Lina Marlina,user,2022-08-15 17:08:42,2023-06-16 17:08:42
USR242,usulistiawaty@rocketmail.com,hashed_33f73a2b080141009d3c,Ussy Sulistiawaty,user,2021-06-04 01:38:27,2022-07-15 01:38:27
USR243,maudy.ayunda@icloud.com,hashed_3acfbfd388324d619eee,Maudy Ayunda,user,2023-05-07 11:16:01,2024-05-10 11:16:01
USR244,cnugroho@gmail.com,hashed_4a8fbb39c5da4412b372,Cahyo Nugroho,user,2022-10-05 20:05:17,2023-03-27 20:05:17
USR245,mirdad838@rocketmail.com,hashed_987f887cd19d407ea2e9,Nana Mirdad,user,2022-05-01 12:38:49,2022-12-05 12:38:49
USR246,diansastro@yahoo.com,hashed_37a58571ff8744c2a159,Dian Sastro,user,2023-12-03 22:32:38,2025-03-19 22:32:38
USR247,isyahputra@icloud.com,hashed_3a93220f3084443b92ec,Ilham Syahputra,user,2022-11-02 21:31:25,2022-12-21 21:31:25
USR248,jpurnama@yahoo.com,hashed_d5649c7ea41545c6a072,Jaka Purnama,user,2021-04-04 04:15:10,2022-01-29 04:15:10
USR249,xena61@ymail.com,hashed_88232ee32fb9401a8041,Xena Novita,user,2022-10-01 04:03:21,2023-03-31 04:03:21
USR250,randriana@ymail.com,hashed_09ff79364f2f47c48149,Raisa Andriana,user,2021-03-21 22:02:55,2022-07-29 22:02:55
USR251,vpanduwinata@icloud.com,hashed_6e724bdccc0147feb93d,Vina Panduwinata,user,2023-02-28 05:42:39,2023-06-16 05:42:39
USR254,bunga.citra@icloud.com,hashed_dda174fa8ee442aabd03,Bunga Citra,user,2023-08-24 19:32:36,2024-07-03 19:32:36
USR255,ferdi40@gmail.com,hashed_be1a4118c72c479ab4d1,Ferdi Sambo,user,2023-10-19 21:43:32,2024-12-16 21:43:32
USR256,jefrikurniawan@rocketmail.com,hashed_708a2a63d5ef47d79394,Jefri Kurniawan,user,2022-04-25 23:47:02,2023-08-09 23:47:02
USR258,zarry.hendrik@ymail.com,hashed_30633d044b1a45fba697,Zarry Hendrik,user,2021-05-23 12:58:27,2022-06-09 12:58:27
USR259,persik985@icloud.com,hashed_6428185a3e004167ad39,Dewi Persik,user,2021-09-02 12:38:35,2022-03-10 12:38:35
USR260,elvysukaesih@yahoo.com,hashed_071a5ecfa85f45f590df,Elvy Sukaesih,user,2023-07-16 04:50:00,2023-08-28 04:50:00
USR261,fajar.ramadhan@hotmail.com,hashed_d54626b7c2004b50b79b,Fajar Ramadhan,user,2021-03-19 07:16:48,2022-02-27 07:16:48
USR262,victor69@icloud.com,hashed_983295ca87ff4d40b21e,Victor Nasution,user,2023-08-02 01:26:02,2024-03-15 01:26:02
USR263,sari361@protonmail.com,hashed_78fd4b24a2244f649bc0,Kartika Sari,user,2022-06-21 04:58:36,2023-01-27 04:58:36
USR264,siregar179@hotmail.com,hashed_ceb120a11f1045549022,Denny Siregar,user,2023-03-30 13:31:38,2024-03-05 13:31:38
USR265,lukman43@ymail.com,hashed_46fceb49737c4b19bde4,Lukman Hakim,user,2021-03-27 02:25:10,2021-03-30 02:25:10
USR266,andien91@outlook.com,hashed_6c127346a656421084c2,Andien Aisyah,user,2022-02-01 22:27:27,2022-06-29 22:27:27
USR267,novanhidayat@icloud.com,hashed_f3a9be7afc81464eb290,Novan Hidayat,user,2021-07-20 16:23:31,2022-01-30 16:23:31
USR269,rina51@ymail.com,hashed_688c5b732e9d4efe80b9,Rina Harahap,user,2022-11-09 15:26:43,2022-11-18 15:26:43
USR270,mirza26@icloud.com,hashed_ae81b3a501c84e148666,Mirza Ghulam,user,2022-10-29 20:52:41,2023-08-18 20:52:41
USR271,andien48@gmail.com,hashed_a12e48324939400ea331,Andien Aisyah,user,2022-09-22 04:41:56,2022-10-02 04:41:56
USR273,harahap915@ymail.com,hashed_10291f613d474d068ef9,Rina Harahap,user,2021-06-14 10:51:49,2021-10-16 10:51:49
USR275,julia.perez@gmail.com,hashed_24317700c5d041978f10,Julia Perez,user,2023-03-05 00:11:46,2024-01-23 00:11:46
USR276,syahrini88@gmail.com,hashed_36e56683056d46d6928a,Syahrini Sundari,user,2022-06-27 17:39:14,2022-12-23 17:39:14
USR277,fshidqia@yahoo.com,hashed_494959ff3afb4131a247,Fatin Shidqia,user,2022-01-03 00:44:28,2022-02-24 00:44:28
USR278,hana.pertiwi@yahoo.com,hashed_4a5a15a827844113b4ab,Hana Pertiwi,user,2023-10-16 07:08:50,2023-11-23 07:08:50
USR279,uci.nurhayati@protonmail.com,hashed_2a273ab25de14d14a225,Uci Nurhayati,user,2023-05-26 17:34:55,2024-06-18 17:34:55
USR280,mirdad244@hotmail.com,hashed_6e5b5e0ec4004bd398a2,Nana Mirdad,user,2023-09-26 20:28:22,2024-08-16 20:28:22
USR281,vina.panduwinata@outlook.com,hashed_dce5f4513fe34bed93e7,Vina Panduwinata,user,2022-05-07 02:30:44,2022-07-23 02:30:44
USR282,zamir@gmail.com,hashed_3a49eb33000f49d9ab0e,Zulkifli Amir,user,2022-03-03 16:34:35,2022-12-30 16:34:35
USR283,aseptriasa@ymail.com,hashed_74e6210fe60b4ab9bdc9,Acha Septriasa,user,2022-12-04 00:34:12,2022-12-23 00:34:12
USR284,sitinurhaliza@icloud.com,hashed_c06ce7e9cdb545f8b8b4,Siti Nurhaliza,user,2021-05-21 06:29:51,2022-03-31 06:29:51
USR285,suryadarma@yahoo.com,hashed_5913bea16ffa44509e28,Surya Darma,user,2021-03-05 17:26:15,2021-10-21 17:26:15
USR287,erlanggaputra@hotmail.com,hashed_013a57fb3d3e497d82dd,Erlangga Putra,user,2022-06-18 12:17:17,2023-06-18 12:17:17
USR288,bcitra@protonmail.com,hashed_3af59318e1c0448193d3,Bunga Citra,user,2022-11-12 00:48:40,2023-06-24 00:48:40
USR289,asalim@hotmail.com,hashed_23de1d0254fb425a9a22,Agus Salim,user,2022-03-16 11:02:13,2022-09-30 11:02:13
USR290,gracia55@icloud.com,hashed_89a5377c4b614d498dcf,Gracia Indri,user,2023-09-08 01:09:22,2024-08-04 01:09:22
USR291,hasanbasri@icloud.com,hashed_5950fb9e1f2446f4b0ea,Hasan Basri,user,2022-08-24 12:09:29,2023-01-16 12:09:29
USR292,anwar651@protonmail.com,hashed_2a2b2eb5add64d9d98df,Khoirul Anwar,user,2023-07-26 06:18:53,2024-10-15 06:18:53
USR293,cagur937@ymail.com,hashed_8c879e9cc78e44a4a53a,Wendi Cagur,user,2022-06-28 10:15:51,2022-12-03 10:15:51
USR294,gitasavitri@hotmail.com,hashed_9d7ba06b88804449b23f,Gita Savitri,user,2023-07-14 08:44:41,2024-07-10 08:44:41
USR295,octa24@gmail.com,hashed_7993cdb97ed04c63bacb,Octa Miani,user,2022-05-26 06:29:36,2023-07-16 06:29:36
USR296,dennysiregar@hotmail.com,hashed_ad01acd290184a61a9bc,Denny Siregar,user,2023-12-01 18:06:08,2025-03-12 18:06:08
USR297,ilhamsyahputra@rocketmail.com,hashed_2d2cbba3a0e94801a012,Ilham Syahputra,user,2022-07-17 01:55:45,2022-07-26 01:55:45
USR299,torasudiro@yahoo.com,hashed_da9912ff11654bbb83ac,Tora Sudiro,user,2021-06-07 02:48:03,2022-02-21 02:48:03
USR300,hakim380@protonmail.com,hashed_5aa9e8fa32bd4c9a9210,Lukman Hakim,user,2021-02-28 15:19:42,2022-02-01 15:19:42
USR301,anisa.rahma@icloud.com,hashed_7895ba799e8b431a9818,Anisa Rahma,user,2022-08-09 05:08:05,2022-10-26 05:08:05
USR302,via23@yahoo.com,hashed_fb63ac55f9e9407ba859,Via Vallen,user,2021-09-15 03:44:50,2022-09-19 03:44:50
USR303,agus55@ymail.com,hashed_5e48da8da33946fb8b8f,Agus Salim,user,2022-01-04 23:46:03,2023-05-15 23:46:03
USR304,happyasmara@hotmail.com,hashed_091b0a00aba44d9fa823,Happy Asmara,user,2022-11-29 09:14:51,2023-03-28 09:14:51
USR305,snurhaliza@ymail.com,hashed_a4d1ed6a0f0a4331b524,Siti Nurhaliza,user,2022-12-30 14:10:08,2024-04-05 14:10:08
USR306,persik456@ymail.com,hashed_3cdfce2ad47b422bba02,Dewi Persik,user,2022-11-16 10:39:42,2023-07-10 10:39:42
USR309,cici.paramida@yahoo.com,hashed_da4919c474134ab2aaa8,Cici Paramida,user,2021-06-09 08:49:20,2022-06-08 08:49:20
USR310,ghassani221@ymail.com,hashed_cc729411705c4ec78a96,Fanny Ghassani,user,2021-09-07 00:52:37,2022-01-24 00:52:37
USR312,jaka29@protonmail.com,hashed_049c470fc8084800a885,Jaka Purnama,user,2021-02-11 10:20:12,2021-09-11 10:20:12
USR313,prio.handoko@hotmail.com,hashed_474762135a924b4c9e69,Prio Handoko,user,2021-05-07 18:28:16,2021-11-14 18:28:16
USR314,octamiani@icloud.com,hashed_57ac0d39cb76463ea547,Octa Miani,user,2023-10-07 16:17:26,2024-03-26 16:17:26
USR315,pnasution@rocketmail.com,hashed_5cb4ecf9b1d845d2a712,Prisia Nasution,user,2023-01-04 22:23:47,2023-12-26 22:23:47
USR317,titi.kamal@protonmail.com,hashed_e9750084227c4057944d,Titi Kamal,user,2023-05-03 12:54:18,2024-08-26 12:54:18
USR318,bisono588@yahoo.com,hashed_e81366f888bd44b0934c,Tika Bisono,user,2022-03-24 13:12:19,2022-07-23 13:12:19
USR319,maudy57@rocketmail.com,hashed_eafc7eb0288d47288d7e,Maudy Ayunda,user,2023-08-26 12:03:39,2024-04-16 12:03:39
USR320,fatin.shidqia@rocketmail.com,hashed_f6bc752c4d5e4c328b1d,Fatin Shidqia,user,2023-04-13 17:32:01,2023-04-21 17:32:01
USR321,ivan58@yahoo.com,hashed_fd60e0b9fbb546128b60,Ivan Maulana,user,2022-03-29 11:24:24,2022-03-29 11:24:24
USR322,jaka60@gmail.com,hashed_56c518fcf28f4d81bd5f,Jaka Purnama,user,2023-10-30 01:33:26,2024-10-06 01:33:26
USR323,xandernasution@icloud.com,hashed_335dd8375975446daaf8,Xander Nasution,user,2023-03-29 04:55:03,2024-01-01 04:55:03
USR324,via.vallen@gmail.com,hashed_a22aa5a1596f44ae91ab,Via Vallen,user,2022-08-30 13:10:12,2023-11-20 13:10:12
USR327,oscar62@yahoo.com,hashed_bbfbaf3f89564649be55,Oscar Firmansyah,user,2021-07-27 05:52:12,2021-08-18 05:52:12
USR328,pkusuma@protonmail.com,hashed_ac7ffe012d864e0bba6f,Panji Kusuma,user,2023-11-30 14:48:58,2024-07-24 14:48:58
USR329,uut22@ymail.com,hashed_5fc92f76e16a4053aba1,Uut Permatasari,user,2021-07-29 11:40:07,2021-08-30 11:40:07
USR330,bagasprasetyo@rocketmail.com,hashed_08d948ef2bd34a6d8f18,Bagas Prasetyo,user,2021-11-10 03:51:25,2021-12-02 03:51:25
USR331,rramli@ymail.com,hashed_dea61e6e51e0401888af,Rizal Ramli,user,2022-04-27 16:28:00,2023-01-15 16:28:00
USR332,reza.pahlevi@gmail.com,hashed_775ca6c21c9347ce8e0e,Reza Pahlevi,user,2021-02-26 21:19:16,2022-03-18 21:19:16
USR333,sari981@gmail.com,hashed_63fadbda5c384cd5a4ca,Maya Sari,user,2021-03-16 06:15:48,2022-06-02 06:15:48
USR334,zahra.aulia@protonmail.com,hashed_72f5e1524bf84c078365,Zahra Aulia,user,2022-11-10 18:43:41,2024-02-08 18:43:41
USR335,julia.perez@yahoo.com,hashed_6d156710a40d48ea901b,Julia Perez,user,2022-06-11 16:12:05,2023-10-22 16:12:05
USR336,kezia50@gmail.com,hashed_98890f14d9bf4a54b0a3,Kezia Warouw,user,2023-03-18 16:00:25,2023-08-01 16:00:25
USR337,raffi37@ymail.com,hashed_6cc95b1f37da4c8ab2bb,Raffi Ahmad,user,2023-07-25 21:05:12,2024-09-18 21:05:12
USR338,nabilah25@gmail.com,hashed_69ea21c6843c42caae04,Nabilah Ratna,user,2022-05-25 09:44:24,2023-04-28 09:44:24
USR339,lukmanhakim@gmail.com,hashed_7d8687976b18450fba38,Lukman Hakim,user,2021-09-16 20:58:02,2022-09-04 20:58:02
USR340,pratama858@rocketmail.com,hashed_9a7ab6dfae7e4760af43,Andi Pratama,user,2022-07-02 16:21:49,2023-05-12 16:21:49
USR341,jensen238@yahoo.com,hashed_769884fc3df5437daa86,Olivia Jensen,user,2021-03-31 02:27:49,2021-05-08 02:27:49
USR342,cinta84@outlook.com,hashed_efeb02ca63664b23ab52,Cinta Laura,user,2023-11-22 10:15:48,2024-02-11 10:15:48
USR343,sungkar743@gmail.com,hashed_41a537d4fc5946eb91a9,Zaskia Sungkar,user,2022-11-12 16:16:01,2022-11-29 16:16:01
USR344,wsantosa@protonmail.com,hashed_414d9cf214544863a735,Willy Santosa,user,2022-07-17 13:57:08,2023-01-29 13:57:08
USR346,zainal50@protonmail.com,hashed_7996869484a3407eb969,Zainal Abidin,user,2022-07-25 00:53:08,2023-02-13 00:53:08
USR347,zulkifli.amir@gmail.com,hashed_8c0470756a0249b896d5,Zulkifli Amir,user,2021-02-10 06:07:09,2022-02-21 06:07:09
USR348,prilly60@gmail.com,hashed_a092afe26e5d4fd3ba99,Prilly Latuconsina,user,2021-07-02 22:26:53,2021-11-13 22:26:53
USR349,ucokharahap@gmail.com,hashed_cc72a890343f4a528de9,Ucok Harahap,user,2023-08-09 12:26:05,2024-01-02 12:26:05
USR350,laziz@hotmail.com,hashed_61f4d8030ca14874bdcd,Luthfi Aziz,user,2021-07-30 20:19:19,2022-10-09 20:19:19
USR351,rina40@ymail.com,hashed_5899801b3a6544ef9b0b,Rina Harahap,user,2021-05-17 09:04:33,2022-07-05 09:04:33
USR352,setiawan591@ymail.com,hashed_e899bce66b1a4e74b5d5,Wahyu Setiawan,user,2022-06-24 16:57:13,2023-06-22 16:57:13
USR354,wsetiawan@gmail.com,hashed_c1946855cbf0461f91ef,Wahyu Setiawan,user,2022-07-16 13:24:19,2023-04-02 13:24:19
USR355,titi.kamal@outlook.com,hashed_b3a82f7c391a48f586e6,Titi Kamal,user,2022-01-03 18:09:52,2023-02-11 18:09:52
USR358,baimwong@ymail.com,hashed_3aa8007d2b724fe9bd14,Baim Wong,user,2022-10-01 03:33:07,2023-10-29 03:33:07
USR360,agus21@rocketmail.com,hashed_ccdbf285db6f42acab7d,Agus Salim,user,2021-07-19 08:39:39,2022-10-11 08:39:39
USR363,fanny.ghassani@protonmail.com,hashed_61126a306a094c4496ab,Fanny Ghassani,user,2021-12-17 06:08:29,2022-06-12 06:08:29
USR364,vvexia@ymail.com,hashed_626f7eaa0e59457d8f79,Velove Vexia,user,2021-05-03 12:06:37,2021-09-08 12:06:37
USR365,juliaperez@hotmail.com,hashed_53d473e66ef14076bc92,Julia Perez,user,2023-08-29 22:31:21,2024-01-31 22:31:21
USR366,yusuf.habibi@yahoo.com,hashed_c2154c0820d546ba98b9,Yusuf Habibi,user,2023-07-09 08:13:04,2024-11-02 08:13:04
USR367,gani.subagyo@icloud.com,hashed_c7eb0d7d5fb94b76a3e1,Gani Subagyo,user,2023-07-30 01:12:49,2024-01-18 01:12:49
USR368,esukaesih@outlook.com,hashed_6087da7969084aef88c1,Elvy Sukaesih,user,2021-02-14 01:50:25,2021-03-27 01:50:25
USR369,chacha.frederica@icloud.com,hashed_ac93394a66ce4034a6f5,Chacha Frederica,user,2023-10-09 11:53:06,2024-01-24 11:53:06
USR370,darma158@rocketmail.com,hashed_e2fe9b1850964105a37e,Surya Darma,user,2023-02-13 16:12:16,2024-05-13 16:12:16
USR371,galih96@hotmail.com,hashed_0d36e95014dc48d4986c,Galih Permana,user,2023-01-21 05:29:16,2023-05-26 05:29:16
USR372,xena16@hotmail.com,hashed_76c10f4e36614977a621,Xena Novita,user,2021-04-24 08:37:53,2022-04-11 08:37:53
USR373,kardian@icloud.com,hashed_9f72fdb41c7847ba90ce,Kevin Ardian,user,2021-11-13 22:31:45,2022-05-06 22:31:45
USR374,titi.kamal@yahoo.com,hashed_c4fcc459236a430c86d7,Titi Kamal,user,2022-06-21 12:20:51,2023-11-02 12:20:51
USR375,prillylatuconsina@rocketmail.com,hashed_f2ec5391d87849778776,Prilly Latuconsina,user,2021-06-14 22:49:26,2021-11-24 22:49:26
USR376,ikhsan.bella@rocketmail.com,hashed_53c503c7c95947ca8b54,Ikhsan Bella,user,2021-08-07 20:17:56,2021-09-25 20:17:56
USR377,fitri.yanti@rocketmail.com,hashed_a996c2483d5f4e86a32d,Fitri Yanti,user,2022-10-12 13:11:35,2023-02-16 13:11:35
USR378,jaka.sembung@yahoo.com,hashed_bebb9d2d0559413a8080,Jaka Sembung,user,2023-06-17 09:44:01,2024-06-20 09:44:01
USR379,xnasution@protonmail.com,hashed_1918538a30414fe6b670,Xander Nasution,user,2023-03-11 14:19:58,2023-11-05 14:19:58
USR381,yuni.shara@yahoo.com,hashed_dd4df3a755ad4d35a85d,Yuni Shara,user,2021-03-20 12:16:58,2021-08-11 12:16:58
USR383,galihpermana@gmail.com,hashed_a3f886225a7745e080fd,Galih Permana,user,2022-02-15 20:15:51,2023-02-22 20:15:51
USR384,octamiani@outlook.com,hashed_e6e9c08d037042379ba5,Octa Miani,user,2021-03-21 11:17:48,2022-01-06 11:17:48
USR385,bayuskak@outlook.com,hashed_1e737cf36b5b40c2b4b4,Bayu Skak,user,2022-08-24 04:07:41,2023-05-09 04:07:41
USR386,mahendrasanjaya@protonmail.com,hashed_eb9c6119809e4d7283f2,Mahendra Sanjaya,user,2023-08-27 04:07:48,2024-08-09 04:07:48
USR387,uharahap@rocketmail.com,hashed_1ade8b33afad4861aa26,Ucok Harahap,user,2022-08-03 17:50:32,2023-09-13 17:50:32
USR388,egustiwana@rocketmail.com,hashed_65afdd00b71f4de89fa2,Eka Gustiwana,user,2021-08-13 02:40:37,2021-11-22 02:40:37
USR389,suryadarma@protonmail.com,hashed_7e478b0d57384986adfb,Surya Darma,user,2021-03-02 10:49:04,2021-05-11 10:49:04
USR390,ikhsan69@hotmail.com,hashed_e5802186798d49519231,Ikhsan Bella,user,2021-08-20 08:54:37,2022-06-26 08:54:37
USR391,faruq978@outlook.com,hashed_4fc5aa98bea7490a99d4,Umar Faruq,user,2022-05-10 19:39:37,2022-08-01 19:39:37
USR392,laura702@rocketmail.com,hashed_2d284ca657b1486c8b8f,Cinta Laura,user,2023-07-12 07:39:34,2023-12-31 07:39:34
USR393,joko72@outlook.com,hashed_e4aad42552ac4f89a0ca,Joko Widodo,user,2023-05-25 11:20:15,2023-10-25 11:20:15
USR394,dian.sastro@icloud.com,hashed_1d2c685f1c91464cb48f,Dian Sastro,user,2022-10-10 01:44:48,2023-08-04 01:44:48
USR395,octa45@outlook.com,hashed_db52226a9ba142489f48,Octa Miani,user,2023-09-05 12:31:52,2023-09-18 12:31:52
USR397,jaka99@hotmail.com,hashed_6468128afd2f4bcaa19e,Jaka Sembung,user,2023-03-26 08:47:52,2024-02-11 08:47:52
USR400,lukmanhakim@icloud.com,hashed_56c953c8da4544e59ee6,Lukman Hakim,user,2023-08-08 21:33:15,2024-11-21 21:33:15
USR401,yusuf32@rocketmail.com,hashed_a2e551575c054ff2ba5f,Yusuf Habibi,user,2021-08-03 12:05:17,2022-04-25 12:05:17
USR402,sigit47@rocketmail.com,hashed_bf495b8ebb994f818738,Sigit Prabowo,user,2023-03-28 07:12:29,2023-10-06 07:12:29
USR404,dian.sastro@hotmail.com,hashed_5ae4011b3cfb45c6bdc5,Dian Sastro,user,2023-09-27 08:18:05,2024-11-11 08:18:05
USR406,ramadhan523@ymail.com,hashed_92ae044f543a4642a382,Fajar Ramadhan,user,2022-04-08 07:52:30,2023-05-07 07:52:30
USR407,lukman.hakim@icloud.com,hashed_bb239e2389d34bef8e94,Lukman Hakim,user,2022-05-08 12:08:08,2023-01-08 12:08:08
USR408,daffa.alfarizi@protonmail.com,hashed_926be539dcc54276bb0d,Daffa Alfarizi,user,2022-03-01 19:14:09,2022-07-26 19:14:09
USR409,wcagur@yahoo.com,hashed_d6c3df18c18f44fd9c69,Wendi Cagur,user,2022-09-05 21:14:09,2023-10-29 21:14:09
USR410,eko.wahyudi@hotmail.com,hashed_335127c7125f41d98478,Eko Wahyudi,user,2021-03-07 08:21:08,2021-08-01 08:21:08
USR412,mrizki@protonmail.com,hashed_59011504a8694d8881c5,Muhammad Rizki,user,2022-02-26 04:33:37,2023-06-18 04:33:37
USR414,putra39@hotmail.com,hashed_9cc6ee48c4f047ff9972,Putra Andika,user,2023-09-19 00:17:51,2024-01-16 00:17:51
USR415,ninaagustina@rocketmail.com,hashed_7a6c38dabe924972bc1c,Nina Agustina,user,2021-06-06 04:35:08,2022-05-20 04:35:08
USR416,jsembung@gmail.com,hashed_47d0f23e8c25440780bc,Jaka Sembung,user,2021-09-03 08:28:12,2022-03-30 08:28:12
USR418,hendrik329@yahoo.com,hashed_7e1eac342f084e1ebca2,Zarry Hendrik,user,2021-04-02 21:44:27,2022-07-10 21:44:27
USR419,cintalaura@hotmail.com,hashed_b6beeccf77cb4dcc95a1,Cinta Laura,user,2021-02-27 22:34:45,2022-06-09 22:34:45
USR421,panji23@protonmail.com,hashed_c03955d72099469d943a,Panji Kusuma,user,2022-03-26 16:06:39,2022-03-26 16:06:39
USR422,victor.nasution@icloud.com,hashed_407aed9dfad8409e8986,Victor Nasution,user,2022-06-05 11:16:31,2022-10-28 11:16:31
USR423,ahmad996@outlook.com,hashed_70ff1e9594624e1eb6a8,Yasmin Ahmad,user,2021-07-28 11:20:11,2022-10-06 11:20:11
USR425,prilly.latuconsina@ymail.com,hashed_45b7d389d31748f09d10,Prilly Latuconsina,user,2021-01-22 21:05:48,2022-02-03 21:05:48
USR426,ulilabshar@outlook.com,hashed_cd8f2df660274fb5bcd4,Ulil Abshar,user,2021-10-28 01:34:29,2022-01-25 01:34:29
USR427,jseptiani@protonmail.com,hashed_2d2ae52ede5746ff85a2,Jelita Septiani,user,2022-10-27 09:55:58,2023-07-17 09:55:58
USR428,novanhidayat@hotmail.com,hashed_ee2d6f738d8641b399ae,Novan Hidayat,user,2021-08-07 10:23:26,2022-04-08 10:23:26
USR429,laudya.chynthia@hotmail.com,hashed_be6cb80c00b54913a94c,Laudya Chynthia,user,2022-01-01 20:52:07,2022-08-17 20:52:07
USR430,edwin.lunggana@icloud.com,hashed_ea4145c246794f8fb69a,Edwin Lunggana,user,2023-06-09 22:24:56,2023-06-14 22:24:56
USR431,fsambo@rocketmail.com,hashed_c4378c74a09d40c8b0b2,Ferdi Sambo,user,2023-11-04 08:52:15,2024-01-03 08:52:15
USR432,putrirahayu@hotmail.com,hashed_c48d231a14c24ae5b74a,Putri Rahayu,user,2023-12-29 22:30:26,2025-01-26 22:30:26
USR433,prio.handoko@ymail.com,hashed_08cbbb132eac4074b9b6,Prio Handoko,user,2022-04-04 07:47:56,2022-10-09 07:47:56
USR434,gisellaanastasia@protonmail.com,hashed_f155976cb7aa419daa80,Gisella Anastasia,user,2021-08-26 23:10:18,2022-04-15 23:10:18
USR435,agus.salim@gmail.com,hashed_fa19f429d73d45499fea,Agus Salim,user,2023-05-04 04:56:47,2024-08-13 04:56:47
USR436,hafiz94@yahoo.com,hashed_28b6594dc8394a32a992,Hafiz Rahman,user,2021-12-06 06:58:31,2022-12-31 06:58:31
USR437,kezia.warouw@icloud.com,hashed_7d7b731aef3549399538,Kezia Warouw,user,2021-05-08 04:20:46,2022-02-01 04:20:46
USR438,velove.vexia@ymail.com,hashed_4e14b8c540d0461e94d8,Velove Vexia,user,2023-05-27 09:44:04,2023-07-23 09:44:04
USR439,darma844@hotmail.com,hashed_9b9a4e1955e24885afc6,Surya Darma,user,2023-06-09 15:51:57,2024-03-09 15:51:57
USR440,lina36@yahoo.com,hashed_d379030ca41a44e28664,Lina Marlina,user,2021-06-30 13:44:31,2022-06-13 13:44:31
USR442,erlanggaputra@rocketmail.com,hashed_6147521ed24b4628ba41,Erlangga Putra,user,2022-12-11 14:40:53,2023-09-25 14:40:53
USR443,muhammadrizki@yahoo.com,hashed_1286b71bcd8b4d019764,Muhammad Rizki,user,2021-02-03 19:39:41,2021-08-24 19:39:41
USR444,yunishara@hotmail.com,hashed_2c747aa5b37f4a2bbab6,Yuni Shara,user,2021-03-12 08:31:34,2021-10-14 08:31:34
USR445,kevin72@ymail.com,hashed_b7663f74779d4a0faa8b,Kevin Ardian,user,2021-04-18 05:13:12,2022-08-09 05:13:12
USR446,caturwibowo@rocketmail.com,hashed_3db126203b6446ab81a5,Catur Wibowo,user,2021-07-30 09:09:14,2022-08-26 09:09:14
USR447,ilham99@yahoo.com,hashed_0342913e883e4081958b,Ilham Syahputra,user,2022-08-05 16:54:53,2023-11-04 16:54:53
USR448,wijaya516@outlook.com,hashed_f5805ea451224c07838c,Arya Wijaya,user,2022-08-07 13:04:50,2022-09-17 13:04:50
USR449,kwarouw@rocketmail.com,hashed_1950d64848fc45238be7,Kezia Warouw,user,2023-10-13 05:31:01,2024-12-26 05:31:01
USR452,marlina923@protonmail.com,hashed_1d784f4583424d848caf,Lina Marlina,user,2021-12-23 18:29:49,2022-04-28 18:29:49
USR453,jefrikurniawan@yahoo.com,hashed_b9dbf43bfb024ede8eae,Jefri Kurniawan,user,2021-06-25 07:09:11,2021-07-11 07:09:11
USR455,isyahputra@yahoo.com,hashed_ff9829e13ca64834b487,Ilham Syahputra,user,2023-07-18 15:02:10,2024-06-26 15:02:10
USR456,sungkar863@protonmail.com,hashed_d1e3255f3a1547f0b247,Zaskia Sungkar,user,2022-09-17 21:32:21,2023-04-29 21:32:21
USR457,victornasution@hotmail.com,hashed_4ab8bfd814a1441899be,Victor Nasution,user,2021-03-29 16:23:10,2021-06-08 16:23:10
USR459,andi14@yahoo.com,hashed_6310a94b7a9047ef8b98,Andi Pratama,user,2022-01-04 00:25:21,2022-06-07 00:25:21
USR460,kiranalarasati@icloud.com,hashed_728f762b6d9a48f7bfed,Kirana Larasati,user,2022-10-05 10:38:31,2023-03-07 10:38:31
USR461,zabidin@gmail.com,hashed_c73199bf055542cb8e17,Zainal Abidin,user,2021-09-30 01:26:18,2022-08-16 01:26:18
USR462,subekti445@rocketmail.com,hashed_c7ddd33a12544737be04,Yanto Subekti,user,2022-06-20 00:42:55,2023-10-15 00:42:55
USR463,rahma855@outlook.com,hashed_f41f92aa9657499585f1,Anisa Rahma,user,2023-12-18 16:15:32,2024-07-18 16:15:32
USR464,juliaperez@yahoo.com,hashed_b61fa01634bb4bd0b777,Julia Perez,user,2023-04-16 15:25:09,2023-12-14 15:25:09
USR466,nana73@icloud.com,hashed_ed5ddf9b46fc4de8a7a9,Nana Mirdad,user,2022-10-10 00:32:19,2023-07-22 00:32:19
USR467,harto84@gmail.com,hashed_c0163f55eb864c3aa228,Harto Pramono,user,2022-05-29 01:05:48,2023-04-25 01:05:48
USR469,jkurniawan@rocketmail.com,hashed_18ec2eb29bdf46e8a151,Jefri Kurniawan,user,2023-07-29 18:53:44,2023-07-29 18:53:44
USR471,bayuskak@rocketmail.com,hashed_4a91b49588214431b0cf,Bayu Skak,user,2022-04-16 23:40:07,2023-08-18 23:40:07
USR473,ksari@rocketmail.com,hashed_96930e79bc6143e8a941,Kartika Sari,user,2023-07-28 21:43:20,2024-07-22 21:43:20
USR475,ivan78@gmail.com,hashed_395d376581174424bcfc,Ivan Maulana,user,2022-07-13 16:31:23,2023-04-01 16:31:23
USR476,andipratama@ymail.com,hashed_2434d0c5c05d4677b628,Andi Pratama,user,2022-12-31 07:52:17,2024-01-24 07:52:17
USR477,satria45@ymail.com,hashed_c96aa4701d1042578647,Satria Wicaksono,user,2022-10-06 00:26:07,2022-10-29 00:26:07
USR478,dewipersik@rocketmail.com,hashed_97fe863ec8b24a1689af,Dewi Persik,user,2022-02-10 02:21:48,2022-11-20 02:21:48
USR479,wulan79@protonmail.com,hashed_d3d4ad5cc4af4cc6b71e,Wulan Guritno,user,2021-08-25 18:18:33,2021-12-03 18:18:33
USR480,ahmad15@rocketmail.com,hashed_38ec493faa914b9fa1a5,Raffi Ahmad,user,2023-02-15 15:18:30,2023-11-23 15:18:30
USR481,faruq181@rocketmail.com,hashed_58ba66b69b6d4c30887c,Umar Faruq,user,2023-01-30 01:06:53,2024-06-07 01:06:53
USR484,tsudiro@outlook.com,hashed_bc69f315f3674bc7aec7,Tora Sudiro,user,2021-04-26 11:14:18,2022-08-22 11:14:18
USR486,prisia.nasution@rocketmail.com,hashed_da5b7e1039e44b868ad9,Prisia Nasution,user,2022-12-10 09:16:20,2023-06-19 09:16:20
USR487,purnama372@hotmail.com,hashed_5c20cc648c254798a7c8,Jaka Purnama,user,2023-01-21 15:09:23,2023-12-24 15:09:23
USR488,permatasari575@gmail.com,hashed_68a31684a8f7463496a9,Uut Permatasari,user,2021-01-26 23:35:45,2021-10-24 23:35:45
USR489,olivia46@outlook.com,hashed_fed3ac581e894a7a9efa,Olivia Jensen,user,2023-02-20 03:58:14,2024-04-11 03:58:14
USR490,bagas.prasetyo@icloud.com,hashed_7d8e61b9c9b643fd9dfe,Bagas Prasetyo,user,2021-10-06 11:33:08,2021-11-29 11:33:08
USR492,andi46@ymail.com,hashed_c46f3b3d02534c46a347,Andi Pratama,user,2021-05-03 18:03:03,2021-11-10 18:03:03
USR494,jaka86@ymail.com,hashed_53f26b84d9bd42939e5c,Jaka Sembung,user,2023-10-07 13:49:16,2023-10-07 13:49:16
USR495,bambangsugianto@protonmail.com,hashed_9cdd50b616d040c79e33,Bambang Sugianto,user,2021-03-29 04:06:59,2021-03-29 04:06:59
USR496,soeharto417@ymail.com,hashed_1efff40cbda44d24a70f,Tommy Soeharto,user,2023-09-29 19:53:04,2024-11-03 19:53:04
USR497,siti.nurhaliza@gmail.com,hashed_bb5d4da94a7440c9b3e7,Siti Nurhaliza,user,2023-04-01 11:12:05,2024-07-14 11:12:05
USR498,julia.perez@hotmail.com,hashed_e3a34f620eff4bdca5fd,Julia Perez,user,2023-05-31 11:14:40,2024-01-29 11:14:40
USR499,fitri.yanti@protonmail.com,hashed_f4fd03f965bc4f2eae0d,Fitri Yanti,user,2022-03-12 13:03:48,2023-06-15 13:03:48
USR500,prio11@gmail.com,hashed_2a7278767c23473a9e3c,Prio Handoko,user,2022-05-04 12:50:21,2022-05-12 12:50:21
USR501,chacha58@outlook.com,hashed_a66e92ab5cbc4b1ebdd4,Chacha Frederica,user,2022-09-11 17:33:06,2023-12-30 17:33:06
USR502,ikanatassa@rocketmail.com,hashed_ada2e3754c2343c68b3a,Ika Natassa,user,2022-08-28 12:48:35,2023-08-09 12:48:35
USR503,khoirul.anwar@outlook.com,hashed_338ff565ae3e48baaac5,Khoirul Anwar,user,2021-08-06 09:44:10,2022-09-14 09:44:10
USR504,nabilahratna@hotmail.com,hashed_c2d3c9e2acce4159a81e,Nabilah Ratna,user,2022-06-22 06:34:36,2022-07-19 06:34:36
USR505,vina.panduwinata@ymail.com,hashed_d60f9175958b43409b27,Vina Panduwinata,user,2023-07-30 02:19:33,2024-08-26 02:19:33
USR507,galih73@icloud.com,hashed_f4e34bee13494e00bda6,Galih Permana,user,2021-12-21 09:36:56,2022-06-21 09:36:56
USR508,gunturwibowo@hotmail.com,hashed_b835181a455b460b87bd,Guntur Wibowo,user,2023-06-30 03:00:27,2024-06-02 03:00:27
USR509,kanwar@ymail.com,hashed_602ca0a563324bb38432,Khoirul Anwar,user,2022-01-18 20:18:49,2023-01-18 20:18:49
USR510,prisia97@outlook.com,hashed_698b9df755214408a74b,Prisia Nasution,user,2023-09-12 17:32:16,2023-11-29 17:32:16
USR511,aziz509@hotmail.com,hashed_365799bbb7a94ef7b8a7,Luthfi Aziz,user,2021-01-09 01:41:30,2022-05-06 01:41:30
USR513,putrirahayu@outlook.com,hashed_51e7e01b54f640148f7a,Putri Rahayu,user,2022-09-26 20:59:22,2022-09-26 20:59:22
USR514,titikamal@outlook.com,hashed_31c3ac9f42c941f7a49c,Titi Kamal,user,2022-05-19 23:38:21,2023-08-04 23:38:21
USR515,dani86@rocketmail.com,hashed_ed6016fe702946c98a52,Dani Setiawan,user,2021-05-12 13:49:36,2022-05-18 13:49:36
USR517,zaskia.sungkar@yahoo.com,hashed_0749d507cda04f05bff3,Zaskia Sungkar,user,2022-04-13 18:59:14,2022-08-28 18:59:14
USR518,bayu18@rocketmail.com,hashed_627625c94dfd4dc085b4,Bayu Skak,user,2022-10-17 03:49:59,2023-03-19 03:49:59
USR519,cahyo.nugroho@outlook.com,hashed_098b21a8cb0e4acd8f24,Cahyo Nugroho,user,2022-01-19 01:32:38,2023-01-23 01:32:38
USR520,yanti876@gmail.com,hashed_936bd70855f848ad8785,Fitri Yanti,user,2021-06-16 04:13:08,2021-08-24 04:13:08
USR521,saputri58@gmail.com,hashed_6c30b584bb0f48a49ca0,Widya Saputri,user,2023-08-22 10:26:26,2024-03-03 10:26:26
USR522,subekti667@rocketmail.com,hashed_fa48c276e8e9488fa1df,Yanto Subekti,user,2023-10-09 08:24:47,2025-02-18 08:24:47
USR523,hauw40@yahoo.com,hashed_f5e33df3d93a40ee9406,Dinda Hauw,user,2023-12-17 02:22:32,2024-03-28 02:22:32
USR524,ayunda797@protonmail.com,hashed_a77e1c1fd1484b0ca7ee,Maudy Ayunda,user,2022-05-11 18:18:52,2022-10-07 18:18:52
USR525,irfanhakim@hotmail.com,hashed_42d2962b37964d74b669,Irfan Hakim,user,2022-01-12 14:13:58,2022-06-27 14:13:58
USR526,baim.wong@rocketmail.com,hashed_fd083248cdb54bf99d07,Baim Wong,user,2021-06-26 22:02:44,2022-10-16 22:02:44
USR527,yhabibi@gmail.com,hashed_45ac0480b0e54ee2943f,Yusuf Habibi,user,2023-11-26 00:05:20,2024-12-23 00:05:20
USR529,teguhprasetya@gmail.com,hashed_0c5e58100ba14f459725,Teguh Prasetya,user,2022-09-28 13:54:14,2023-09-07 13:54:14
USR530,yanti966@hotmail.com,hashed_37641e9c121941bd90d2,Fitri Yanti,user,2023-10-21 04:44:07,2024-01-07 04:44:07
USR531,dian35@icloud.com,hashed_4431d7add8364ba589c0,Dian Sastro,user,2023-07-18 20:35:23,2024-03-19 20:35:23
USR532,thidayat@yahoo.com,hashed_7b290a0158f9471b82d5,Taufik Hidayat,user,2023-12-11 12:46:32,2024-07-12 12:46:32
USR533,erlangga.putra@ymail.com,hashed_6215100b7a2c4b85b005,Erlangga Putra,user,2023-04-15 01:18:21,2024-02-13 01:18:21
USR534,vinobastian@ymail.com,hashed_d3605b42628946d284f1,Vino Bastian,user,2023-10-19 13:09:58,2024-09-23 13:09:58
USR535,acha25@outlook.com,hashed_4504ca63cee94823a247,Acha Septriasa,user,2023-09-30 00:30:22,2024-09-10 00:30:22
USR536,diaz15@outlook.com,hashed_29c18257d4734b319053,Diaz Hendropriyono,user,2022-10-31 16:32:45,2022-10-31 16:32:45
USR537,muhammad.rizki@ymail.com,hashed_d9c7b8a08e1d4815a024,Muhammad Rizki,user,2023-05-17 19:30:08,2024-03-09 19:30:08
USR538,cinta.laura@outlook.com,hashed_c394e5c9e4f44a0c9ad5,Cinta Laura,user,2022-12-21 08:14:51,2024-01-20 08:14:51
USR539,naufal763@protonmail.com,hashed_95892d5ccdef481ba69d,Faris Naufal,user,2021-02-08 03:45:43,2021-10-13 03:45:43
USR540,ilhamsyahputra@outlook.com,hashed_3325af20478e4923a6dc,Ilham Syahputra,user,2021-06-30 07:22:42,2022-08-29 07:22:42
USR541,cnugroho@yahoo.com,hashed_2f0f3070ed764ade97a0,Cahyo Nugroho,user,2022-12-09 08:01:51,2024-01-14 08:01:51
USR542,permatasari261@icloud.com,hashed_27e24f2a767c4114aa9f,Indah Permatasari,user,2022-11-12 16:00:36,2023-11-16 16:00:36
USR543,faruq406@outlook.com,hashed_1ea4312ca31d46599266,Umar Faruq,user,2021-06-28 18:41:23,2021-07-09 18:41:23
USR544,sdarma@yahoo.com,hashed_376679c8cffc4473b9a4,Surya Darma,user,2021-09-13 07:33:52,2023-01-02 07:33:52
USR545,andien22@rocketmail.com,hashed_5d1977509eba49fe825d,Andien Aisyah,user,2021-09-06 18:17:31,2022-02-22 18:17:31
USR546,sigit13@hotmail.com,hashed_0fa5ae0e0c094beb80fe,Sigit Prabowo,user,2022-09-22 05:15:46,2023-08-10 05:15:46
USR547,jaka48@rocketmail.com,hashed_41ab5aa77b544781920d,Jaka Purnama,user,2021-02-15 08:22:00,2022-02-27 08:22:00
USR548,cici.paramida@icloud.com,hashed_e3f75fdeb4814cdda441,Cici Paramida,user,2022-08-28 00:50:55,2022-08-30 00:50:55
USR549,klarasati@hotmail.com,hashed_8dd87994c143496a93b0,Kirana Larasati,user,2021-04-08 04:32:44,2022-01-28 04:32:44
USR550,budi70@protonmail.com,hashed_c9160d6c1f034dfeb269,Budi Santoso,user,2022-05-22 09:35:54,2022-08-30 09:35:54
USR551,skak193@icloud.com,hashed_3475ec270c48475a9c6c,Bayu Skak,user,2023-03-31 18:38:30,2024-08-06 18:38:30
USR552,kartika40@outlook.com,hashed_812120cae02242d9841c,Kartika Sari,user,2023-07-01 21:07:19,2023-08-28 21:07:19
USR555,egustiwana@outlook.com,hashed_2eb6059c52e6438fa645,Eka Gustiwana,user,2022-08-03 21:51:32,2023-07-24 21:51:32
USR556,surya.darma@rocketmail.com,hashed_ae8495a2b222495da351,Surya Darma,user,2023-06-12 22:19:21,2023-12-25 22:19:21
USR557,fanny.ghassani@hotmail.com,hashed_2bfbaef8961e4861bd43,Fanny Ghassani,user,2023-09-30 09:02:23,2025-01-18 09:02:23
USR559,lukman82@protonmail.com,hashed_9993363836a44f1e8421,Lukman Hakim,user,2022-07-12 17:57:01,2022-07-12 17:57:01
USR560,happy.asmara@hotmail.com,hashed_56b5a3ed416d43778048,Happy Asmara,user,2023-05-23 09:17:50,2024-02-05 09:17:50
USR562,julia68@ymail.com,hashed_c5ea51bc53a64652911a,Julia Perez,user,2021-12-09 13:56:09,2021-12-09 13:56:09
USR563,hafiz85@hotmail.com,hashed_628324e169c5408da9fd,Hafiz Rahman,user,2022-12-12 10:10:37,2023-09-27 10:10:37
USR564,ahmad282@ymail.com,hashed_1907449e14c94f8e9999,Yasmin Ahmad,user,2021-06-25 20:48:42,2022-04-14 20:48:42
USR565,persik807@icloud.com,hashed_6f64db413b174c31ab4b,Dewi Persik,user,2022-07-24 21:35:53,2023-04-27 21:35:53
USR566,purwadinata800@yahoo.com,hashed_1e7b114ed1c343ba8a2e,Hesti Purwadinata,user,2023-04-29 17:31:35,2023-08-18 17:31:35
USR567,bagas.prasetyo@hotmail.com,hashed_8ce4b958b448485f9f2e,Bagas Prasetyo,user,2022-01-20 12:38:52,2022-06-21 12:38:52
USR568,umarfaruq@ymail.com,hashed_a78c5aaf356840f9a26d,Umar Faruq,user,2021-05-16 02:57:41,2021-12-26 02:57:41
USR569,esukaesih@icloud.com,hashed_11fb4b0859f042609308,Elvy Sukaesih,user,2021-11-23 00:49:30,2023-01-12 00:49:30
USR570,eko59@protonmail.com,hashed_2a47ad938d5042169728,Eko Wahyudi,user,2023-08-07 00:12:32,2024-06-25 00:12:32
USR571,hkusuma@protonmail.com,hashed_0c6fd8c226d5472cae08,Hendra Kusuma,user,2021-11-18 11:23:01,2023-01-04 11:23:01
USR573,ganastasia@ymail.com,hashed_4312a079a15d45f2b0bb,Gisella Anastasia,user,2022-02-20 07:16:18,2023-06-22 07:16:18
USR574,erin40@hotmail.com,hashed_ff22385f74d94897a120,Erin Salmah,user,2021-05-28 22:15:05,2021-08-05 22:15:05
USR575,wahyusetiawan@gmail.com,hashed_e577731e2b4d42c78b05,Wahyu Setiawan,user,2022-03-07 19:22:14,2023-05-24 19:22:14
USR576,velove15@rocketmail.com,hashed_093876b0c280434d8735,Velove Vexia,user,2021-08-16 04:21:02,2022-08-15 04:21:02
USR578,kezia.warouw@gmail.com,hashed_4b5879592469483cbd61,Kezia Warouw,user,2022-08-06 19:26:17,2023-03-25 19:26:17
USR579,nputra@rocketmail.com,hashed_e5a037cfb83d4c409306,Nanda Putra,user,2022-09-18 19:21:55,2023-06-08 19:21:55
USR580,chachafrederica@ymail.com,hashed_dbb5ad37f50c4b35bc95,Chacha Frederica,user,2022-12-08 08:16:56,2024-04-07 08:16:56
USR581,oscar.firmansyah@protonmail.com,hashed_f67644d05f4f47b39f7d,Oscar Firmansyah,user,2021-05-25 16:34:21,2022-06-03 16:34:21
USR583,tsoeharto@hotmail.com,hashed_83cdc8cb073a4f008cea,Tommy Soeharto,user,2021-11-26 02:23:42,2022-08-06 02:23:42
USR584,wcagur@outlook.com,hashed_43efcb5f578f4f949de4,Wendi Cagur,user,2023-06-17 18:55:40,2023-08-22 18:55:40
USR586,velovevexia@rocketmail.com,hashed_9609bf948d6d480bb1e5,Velove Vexia,user,2022-12-15 22:27:00,2022-12-23 22:27:00
USR587,firmansyah847@icloud.com,hashed_9c483bd8f14e4420a23f,Okta Firmansyah,user,2021-01-02 01:12:01,2022-05-07 01:12:01
USR588,gwibowo@protonmail.com,hashed_04ef4970f41741cfbca1,Guntur Wibowo,user,2023-10-07 17:39:07,2024-03-09 17:39:07
USR589,wahyudi470@gmail.com,hashed_b55fc2c4172c481da88b,Eko Wahyudi,user,2023-10-14 20:48:29,2024-04-15 20:48:29
USR590,claura@hotmail.com,hashed_08a68106266b417ea3bc,Cinta Laura,user,2021-09-15 03:13:20,2021-10-11 03:13:20
USR591,laudya61@gmail.com,hashed_63a01563219d437aa191,Laudya Chynthia,user,2021-12-30 17:30:54,2022-08-06 17:30:54
USR593,tommy.soeharto@icloud.com,hashed_f5fd2f76cbe642d187ec,Tommy Soeharto,user,2021-01-13 12:35:39,2022-01-04 12:35:39
USR594,priohandoko@ymail.com,hashed_4ea40baea63e4223af90,Prio Handoko,user,2023-12-15 03:21:04,2024-02-20 03:21:04
USR595,wulanguritno@icloud.com,hashed_0c8f5c3f216b4b818495,Wulan Guritno,user,2021-06-09 02:45:42,2021-07-31 02:45:42
USR596,omar54@yahoo.com,hashed_0e58aa9467974904bc28,Omar Abdillah,user,2021-07-26 20:03:04,2022-06-19 20:03:04
USR597,ayunda526@rocketmail.com,hashed_d019331e415a45e698c3,Maudy Ayunda,user,2021-01-14 03:57:40,2021-11-22 03:57:40
USR598,raisa.andriana@icloud.com,hashed_ada423ac82904e888262,Raisa Andriana,user,2023-09-03 16:31:15,2024-09-20 16:31:15
USR599,fmaulana@icloud.com,hashed_a8a0ee7d5bb846ecb813,Fikri Maulana,user,2021-12-04 11:28:07,2022-01-17 11:28:07
USR600,anisa.rahma@protonmail.com,hashed_3516464353e44d7d833f,Anisa Rahma,user,2022-08-20 13:44:50,2023-02-15 13:44:50
USR601,mghulam@rocketmail.com,hashed_70d81cf4081d42388ff8,Mirza Ghulam,user,2022-03-07 06:06:09,2023-01-31 06:06:09
USR602,valdi37@ymail.com,hashed_dde255893b4e4b7685cc,Valdi Irfan,user,2023-08-02 20:42:45,2023-12-25 20:42:45
USR604,elvy18@icloud.com,hashed_874071f4cb72498998cd,Elvy Sukaesih,user,2022-09-01 13:32:11,2023-01-30 13:32:11
USR605,ardian437@rocketmail.com,hashed_f97f3663d7074562948b,Kevin Ardian,user,2022-01-07 19:16:55,2022-09-17 19:16:55
USR607,cahyonugroho@outlook.com,hashed_c4be150a4799493d9b53,Cahyo Nugroho,user,2021-07-25 00:40:42,2022-02-08 00:40:42
USR608,rahma71@protonmail.com,hashed_5e4725294be041889bf0,Anisa Rahma,user,2023-11-27 21:55:30,2024-02-23 21:55:30
USR609,marshanda66@gmail.com,hashed_edb800176e534111b375,Marshanda Manoppo,user,2021-01-26 22:13:33,2021-11-22 22:13:33
USR610,putra361@outlook.com,hashed_1326805dd521485183e8,Nanda Putra,user,2021-04-04 22:26:32,2022-08-02 22:26:32
USR612,valdi.irfan@ymail.com,hashed_21947808a8a149388758,Valdi Irfan,user,2023-04-14 12:35:10,2024-01-14 12:35:10
USR613,ilham.syahputra@hotmail.com,hashed_a445653c18794f2eb568,Ilham Syahputra,user,2023-03-06 06:49:14,2024-06-19 06:49:14
USR615,dewi31@rocketmail.com,hashed_f8156b97865b4bb592e6,Dewi Persik,user,2021-04-13 16:56:56,2021-09-18 16:56:56
USR616,mayunda@ymail.com,hashed_eac11f88240749d68d52,Maudy Ayunda,user,2021-03-31 22:53:24,2021-08-03 22:53:24
USR617,wijaya313@protonmail.com,hashed_9af7860759c84ac9aad9,Arya Wijaya,user,2023-08-04 18:55:02,2023-09-01 18:55:02
USR618,dewipersik@outlook.com,hashed_aa77a4da160a4bb39a1b,Dewi Persik,user,2021-07-05 13:09:29,2021-07-11 13:09:29
USR619,okta34@outlook.com,hashed_443bec1a1227449aa8ee,Okta Firmansyah,user,2022-06-23 14:06:14,2023-03-17 14:06:14
USR620,beby.tsabina@rocketmail.com,hashed_ea3c7f60945242018c66,Beby Tsabina,user,2022-08-01 16:17:50,2022-10-04 16:17:50
USR621,gani.subagyo@ymail.com,hashed_582eb5f5cd574640ab6d,Gani Subagyo,user,2021-07-03 09:28:24,2022-08-01 09:28:24
USR622,jihanaudy@gmail.com,hashed_af6f2618df534cc9ae15,Jihan Audy,user,2023-03-25 18:42:02,2023-04-26 18:42:02
USR623,ardian402@ymail.com,hashed_e637b51ff1cc4c4aa20a,Kevin Ardian,user,2023-02-10 17:43:19,2023-10-01 17:43:19
USR624,skak306@yahoo.com,hashed_9ddfda819b2f4bdcb04a,Bayu Skak,user,2021-09-17 05:47:21,2022-03-24 05:47:21
USR625,julia29@protonmail.com,hashed_37c54df2deb34d5ea53b,Julia Perez,user,2023-11-14 05:01:52,2024-11-18 05:01:52
USR627,faris26@hotmail.com,hashed_45186c5872944e11b79b,Faris Naufal,user,2021-10-06 00:08:49,2023-01-25 00:08:49
USR628,pratama64@hotmail.com,hashed_403eebbe3413440bb284,Andi Pratama,user,2023-10-16 14:23:26,2024-05-17 14:23:26
USR629,julia75@gmail.com,hashed_218af7acb5dc49748ab4,Julia Perez,user,2022-05-13 00:02:47,2022-09-28 00:02:47
USR630,zaid33@icloud.com,hashed_99bfcde45bfc46edbb78,Zaid Hamdan,user,2023-11-12 23:24:07,2025-02-15 23:24:07
USR631,graciaindri@ymail.com,hashed_52814227fe6e4ad793af,Gracia Indri,user,2021-03-13 08:20:31,2022-07-14 08:20:31
USR632,zulkifli71@icloud.com,hashed_f347780a89044d9a98ce,Zulkifli Amir,user,2022-04-28 15:39:09,2022-10-12 15:39:09
USR634,ysubekti@hotmail.com,hashed_272cb483a039443788d3,Yanto Subekti,user,2022-07-27 02:14:09,2023-05-25 02:14:09
USR635,santosa609@rocketmail.com,hashed_84b6f47780734822a765,Willy Santosa,user,2023-04-30 01:12:19,2024-05-23 01:12:19
USR636,hafiz.rahman@gmail.com,hashed_c20672017bf940fa8c72,Hafiz Rahman,user,2021-02-07 03:26:20,2021-06-06 03:26:20
USR637,prisia.nasution@outlook.com,hashed_80c8446199664e70976f,Prisia Nasution,user,2021-01-15 21:43:14,2022-05-16 21:43:14
USR638,amir120@ymail.com,hashed_dd449dba01f84fc680b7,Zulkifli Amir,user,2022-04-23 16:49:39,2022-06-15 16:49:39
USR639,zainal.abidin@rocketmail.com,hashed_fe6f2bd77a664da2879c,Zainal Abidin,user,2021-04-04 01:03:00,2022-08-14 01:03:00
USR641,chacha.frederica@ymail.com,hashed_eb0d363bdfb64659b02c,Chacha Frederica,user,2022-12-14 04:33:14,2024-04-25 04:33:14
USR642,uutpermatasari@icloud.com,hashed_40fb752fc0334ac7bcc3,Uut Permatasari,user,2023-09-17 21:07:20,2024-11-09 21:07:20
USR643,fajarramadhan@yahoo.com,hashed_dc03b3c87a0946d59658,Fajar Ramadhan,user,2023-10-27 01:41:58,2025-03-03 01:41:58
USR644,sembung178@icloud.com,hashed_3f93f771444b456f9680,Jaka Sembung,user,2022-09-03 10:20:14,2023-08-27 10:20:14
USR645,dani.setiawan@rocketmail.com,hashed_7958dafcff704f0e9346,Dani Setiawan,user,2021-12-29 21:39:28,2022-02-05 21:39:28
USR646,teguh.prasetya@hotmail.com,hashed_40b79408a25c4af4ae3d,Teguh Prasetya,user,2021-06-19 06:48:06,2021-09-06 06:48:06
USR647,chynthia827@ymail.com,hashed_a78c8b3b517443f6b594,Laudya Chynthia,user,2021-07-07 13:23:30,2022-04-07 13:23:30
USR649,marcia706@outlook.com,hashed_a71af00c0a0d4d21a0d9,Sheila Marcia,user,2022-04-18 13:57:23,2023-06-15 13:57:23
USR650,vallen735@rocketmail.com,hashed_d3bc3bc2a0664e569267,Via Vallen,user,2022-05-25 05:02:00,2022-08-08 05:02:00
USR651,wsetiawan@ymail.com,hashed_d617bf4322be4a44b672,Wahyu Setiawan,user,2023-03-09 15:09:51,2023-04-03 15:09:51
USR652,ratna145@yahoo.com,hashed_055ec5308d5a41da9303,Nabilah Ratna,user,2021-02-18 06:49:27,2022-06-20 06:49:27
USR653,vino.bastian@protonmail.com,hashed_5c64b4160ce547839d3f,Vino Bastian,user,2022-01-24 03:10:52,2022-03-13 03:10:52
USR655,putraandika@ymail.com,hashed_2ceaf85eb9b747518aae,Putra Andika,user,2022-09-15 06:46:20,2023-03-24 06:46:20
USR656,velovevexia@icloud.com,hashed_9aeb0bebb81b43279396,Velove Vexia,user,2023-06-30 12:05:27,2023-11-09 12:05:27
USR657,manoppo634@rocketmail.com,hashed_808d727407004972b33f,Marshanda Manoppo,user,2021-11-04 04:40:00,2023-02-09 04:40:00
USR659,alfarizi414@rocketmail.com,hashed_66869aaaf0fc4868bb24,Daffa Alfarizi,user,2023-06-11 11:57:13,2024-01-18 11:57:13
USR662,andienaisyah@yahoo.com,hashed_c71f133e9e594ceca757,Andien Aisyah,user,2023-10-03 12:17:16,2024-03-02 12:17:16
USR663,iis.dahlia@protonmail.com,hashed_5921ee06a4db4df6a4cd,Iis Dahlia,user,2021-05-17 06:29:47,2021-10-07 06:29:47
USR665,ivan98@outlook.com,hashed_b0a999a9881d489da68d,Ivan Maulana,user,2022-08-18 04:33:43,2023-09-22 04:33:43
USR666,agustina55@protonmail.com,hashed_8c42f4b1cd1d4fb1959b,Nina Agustina,user,2022-06-19 10:31:17,2023-09-29 10:31:17
USR667,putra.andika@yahoo.com,hashed_ec68dc0843ac40dfbea9,Putra Andika,user,2021-02-10 11:41:52,2021-07-23 11:41:52
USR668,wsaputri@icloud.com,hashed_ba69fd50d6244addaa22,Widya Saputri,user,2021-04-02 00:26:21,2022-05-21 00:26:21
USR669,fajar.ramadhan@outlook.com,hashed_7595487005194bb295a4,Fajar Ramadhan,user,2021-12-28 14:00:03,2023-05-10 14:00:03
USR670,gita90@rocketmail.com,hashed_1c6f75e60d514696a97f,Gita Savitri,user,2023-04-10 01:23:20,2024-05-31 01:23:20
USR671,dhendropriyono@icloud.com,hashed_9894cf8d15c0452d9fe6,Diaz Hendropriyono,user,2021-12-07 20:15:24,2022-09-27 20:15:24
USR672,bunga.citra@protonmail.com,hashed_8e5ec33eebee466f97b5,Bunga Citra,user,2021-09-27 20:27:14,2021-12-26 20:27:14
USR673,sigit77@hotmail.com,hashed_1e46bf7a33ec41ad92e1,Sigit Prabowo,user,2022-07-12 08:24:16,2023-10-22 08:24:16
USR674,bayu54@hotmail.com,hashed_d334747400c448419bbe,Krisna Bayu,user,2023-06-01 19:34:36,2024-03-15 19:34:36
USR675,bayu.skak@icloud.com,hashed_2d5f3db44ef34cdcae5f,Bayu Skak,user,2023-02-04 15:32:32,2023-11-08 15:32:32
USR676,ipermatasari@outlook.com,hashed_415aaf4541754fc383e6,Indah Permatasari,user,2021-12-28 08:49:38,2022-11-01 08:49:38
USR678,wsetiawan@outlook.com,hashed_f4be81df65a245c8b715,Wahyu Setiawan,user,2022-05-18 16:15:55,2022-05-18 16:15:55
USR679,awijaya@gmail.com,hashed_36d05a5b0b564a4d8d97,Arya Wijaya,user,2021-06-22 07:25:09,2022-08-29 07:25:09
USR680,kamal130@yahoo.com,hashed_ec8bbe536ee84f9baa51,Titi Kamal,user,2023-10-26 14:21:06,2024-05-15 14:21:06
USR681,jihan28@protonmail.com,hashed_aa325fd04b5c4d2ba497,Jihan Audy,user,2021-09-02 16:10:13,2022-09-11 16:10:13
USR682,naufal35@ymail.com,hashed_9e24632e94f54cda9ced,Naufal Ihsan,user,2023-10-06 11:11:40,2024-03-16 11:11:40
USR683,wahyudi280@yahoo.com,hashed_186395db878945d7ae80,Eko Wahyudi,user,2023-08-12 08:43:45,2024-09-17 08:43:45
USR684,fitri63@rocketmail.com,hashed_97f34d46749242ebac8a,Fitri Yanti,user,2022-08-11 19:10:55,2023-01-15 19:10:55
USR686,oki.setiana@protonmail.com,hashed_770b9b2b4bf74a849252,Oki Setiana,user,2023-06-01 13:17:26,2023-06-17 13:17:26
USR687,hendrik87@ymail.com,hashed_7a9cbd344fb9463496e6,Zarry Hendrik,user,2023-08-08 17:56:29,2023-11-29 17:56:29
USR688,victor.nasution@protonmail.com,hashed_56fbfa9e509d4132bf99,Victor Nasution,user,2022-05-30 10:51:13,2023-06-15 10:51:13
USR690,jelita23@hotmail.com,hashed_40960beb583d42c78463,Jelita Septiani,user,2022-06-06 13:38:50,2022-06-06 13:38:50
USR691,panji64@icloud.com,hashed_829fd777ca984648b6f2,Panji Kusuma,user,2022-02-03 16:54:05,2023-03-12 16:54:05
USR692,sdarma@rocketmail.com,hashed_7c51a5e8b2f24fef87e7,Surya Darma,user,2022-10-14 21:48:22,2024-02-22 21:48:22
USR693,arahma@ymail.com,hashed_7f37f6f33bac4a7ba61f,Anisa Rahma,user,2022-06-30 14:50:49,2023-04-05 14:50:49
USR695,cinta.laura@rocketmail.com,hashed_dd7d06e87be645769c0c,Cinta Laura,user,2021-02-21 21:43:08,2021-02-21 21:43:08
USR696,omar.abdillah@ymail.com,hashed_7c11d939bb424854847f,Omar Abdillah,user,2021-09-22 05:58:53,2022-12-20 05:58:53
USR697,rossa50@gmail.com,hashed_c5117293fdab4bf39505,Rossa Roslaina,user,2021-05-25 15:11:39,2021-11-14 15:11:39
USR698,yanto.subekti@outlook.com,hashed_f988866dc61a4bda8cd8,Yanto Subekti,user,2021-02-18 03:30:37,2021-09-26 03:30:37
USR699,prasetya163@protonmail.com,hashed_5824b0a8318145948dc4,Teguh Prasetya,user,2021-09-02 01:15:12,2021-09-29 01:15:12
USR700,rizalramli@gmail.com,hashed_01898538e0454fed83b2,Rizal Ramli,user,2023-12-20 01:22:37,2024-09-28 01:22:37
USR701,caturwibowo@gmail.com,hashed_2fb2f8494f47469697bb,Catur Wibowo,user,2022-03-14 07:56:27,2022-08-13 07:56:27
USR702,hendra.kusuma@outlook.com,hashed_c502aa2e7c19409092cd,Hendra Kusuma,user,2023-02-02 15:52:42,2023-04-21 15:52:42
USR703,anwar103@yahoo.com,hashed_479e18e28ae142b988ff,Khoirul Anwar,user,2023-10-26 09:54:10,2024-09-10 09:54:10
USR705,lestykejora@protonmail.com,hashed_6fad3616d48241fd898f,Lesty Kejora,user,2022-09-10 10:39:24,2023-05-09 10:39:24
USR706,erlangga.putra@icloud.com,hashed_be040be8b75f47248a50,Erlangga Putra,user,2023-04-26 06:29:19,2023-11-10 06:29:19
USR707,nana12@hotmail.com,hashed_365b8e2574e6499683a2,Nana Mirdad,user,2022-11-24 11:42:24,2022-12-16 11:42:24
USR708,aris.munandar@yahoo.com,hashed_df9240e01eb949c3be97,Aris Munandar,user,2022-02-22 04:43:00,2022-12-07 04:43:00
USR710,vino81@outlook.com,hashed_6f9eee1615b644f59f0f,Vino Bastian,user,2023-07-06 02:35:43,2023-10-30 02:35:43
USR712,wibowo247@yahoo.com,hashed_a7b6bb6ea38b44b0934d,Guntur Wibowo,user,2022-01-02 01:22:16,2022-09-02 01:22:16
USR713,gita42@icloud.com,hashed_9112dc7f633644d28ed4,Gita Savitri,user,2021-02-23 22:46:19,2021-11-07 22:46:19
USR714,zaulia@icloud.com,hashed_6929daa592ec42b99790,Zahra Aulia,user,2023-08-22 13:27:28,2023-11-05 13:27:28
USR715,satria72@yahoo.com,hashed_9b9949ebd91a43af994c,Satria Wicaksono,user,2021-09-17 16:21:17,2023-01-27 16:21:17
USR716,asmara108@ymail.com,hashed_59fd9b5b60dd4ad2888f,Happy Asmara,user,2021-05-02 17:47:24,2022-04-16 17:47:24
USR717,arya.wijaya@hotmail.com,hashed_701f026219d14699a02d,Arya Wijaya,user,2023-07-14 08:59:04,2023-11-23 08:59:04
USR718,fanny.ghassani@icloud.com,hashed_38ca810095e44478a507,Fanny Ghassani,user,2021-05-16 04:37:05,2021-11-30 04:37:05
USR719,larasati945@ymail.com,hashed_dc07e0b82cc04c9dbeb3,Kirana Larasati,user,2023-03-19 07:22:46,2023-11-08 07:22:46
USR720,krisna.bayu@gmail.com,hashed_fefefa17f62645b69c32,Krisna Bayu,user,2023-03-23 18:31:25,2024-04-26 18:31:25
USR721,frederica896@rocketmail.com,hashed_e5eef970e0c94bf38995,Chacha Frederica,user,2023-07-03 07:46:23,2024-04-26 07:46:23
USR722,daffa65@yahoo.com,hashed_82fca422a2664bfc896a,Daffa Alfarizi,user,2023-05-25 02:22:15,2024-06-27 02:22:15
USR723,bellasaphira@protonmail.com,hashed_557bfa7da90b4d7aa4c3,Bella Saphira,user,2022-06-19 04:22:19,2023-09-11 04:22:19
USR725,olivia.jensen@rocketmail.com,hashed_897eb300bc3146d38a93,Olivia Jensen,user,2023-11-24 14:32:35,2024-11-13 14:32:35
USR726,ferdi.sambo@hotmail.com,hashed_1745f39a5c874f27aefc,Ferdi Sambo,user,2023-12-09 16:13:07,2024-04-08 16:13:07
USR727,tora74@protonmail.com,hashed_5e69ec8a479c400d81bf,Tora Sudiro,user,2022-08-02 13:35:44,2022-08-12 13:35:44
USR728,gita.savitri@hotmail.com,hashed_3b7b148234e04ac68a9e,Gita Savitri,user,2023-02-03 16:53:33,2024-04-17 16:53:33
USR729,hidayat413@protonmail.com,hashed_45705624683a4cd9893e,Novan Hidayat,user,2021-07-28 18:15:19,2021-12-28 18:15:19
USR730,bagas.prasetyo@yahoo.com,hashed_930106a9accf4b7dbf04,Bagas Prasetyo,user,2022-02-23 12:42:17,2023-03-03 12:42:17
USR731,zahra49@rocketmail.com,hashed_a96ed94f902a4ebd95bc,Zahra Aulia,user,2021-11-25 09:12:32,2023-03-07 09:12:32
USR732,jihan.audy@gmail.com,hashed_ef792835674840bd9dfd,Jihan Audy,user,2022-08-04 20:22:58,2023-09-28 20:22:58
USR733,hakim67@rocketmail.com,hashed_2bfbc1efd2404343a084,Irfan Hakim,user,2023-02-27 06:41:50,2023-09-21 06:41:50
USR734,julia81@outlook.com,hashed_ad051b554ce641b0a1a0,Julia Perez,user,2021-02-14 23:15:56,2021-05-13 23:15:56
USR735,viavallen@outlook.com,hashed_3b542cc1571244bb92f8,Via Vallen,user,2022-01-23 13:40:16,2022-02-08 13:40:16
USR736,priohandoko@outlook.com,hashed_09cfda2bedf14cb8b81b,Prio Handoko,user,2022-03-02 14:37:17,2022-09-06 14:37:17
USR738,lendra20@outlook.com,hashed_4217563ec19e43919dc3,Lendra Putra,user,2023-01-08 05:42:36,2023-11-04 05:42:36
USR739,hasan75@hotmail.com,hashed_547bf265c0664f3fb798,Hasan Basri,user,2022-02-06 19:32:27,2023-02-24 19:32:27
USR741,gpermana@protonmail.com,hashed_1e8efd5b4d8145ecb2de,Galih Permana,user,2023-10-03 16:04:18,2024-01-26 16:04:18
USR742,ucinurhayati@icloud.com,hashed_6a0e4ab7ffd844398e09,Uci Nurhayati,user,2021-02-01 03:36:21,2022-04-19 03:36:21
USR744,santosa662@icloud.com,hashed_cd7f6c47548544a88b49,Willy Santosa,user,2022-04-20 12:21:46,2023-04-19 12:21:46
USR745,yuni.shara@gmail.com,hashed_1084f0d905f947db9ead,Yuni Shara,user,2022-08-08 20:01:19,2023-10-18 20:01:19
USR746,wendi77@ymail.com,hashed_c02e86cb7c284ed490b0,Wendi Cagur,user,2023-11-18 23:42:09,2024-08-10 23:42:09
USR747,ussy53@icloud.com,hashed_84a65b97a3884d2ab88b,Ussy Sulistiawaty,user,2023-03-06 14:36:48,2024-02-08 14:36:48
USR748,faris.naufal@ymail.com,hashed_3e6294ccff1c461da680,Faris Naufal,user,2023-07-12 09:26:41,2024-05-18 09:26:41
USR749,zahra.aulia@gmail.com,hashed_cf9c1ce772eb47459bc5,Zahra Aulia,user,2022-06-07 09:33:47,2022-10-26 09:33:47
USR750,hkusuma@yahoo.com,hashed_d07d4bb1b364494abb20,Hendra Kusuma,user,2023-10-10 00:25:49,2024-03-10 00:25:49
USR2088,nana24@yahoo.com,hashed_f89e4c6c38da4f44a6c6,Nana Mirdad,user,2023-09-14 09:42:23,2023-12-10 09:42:23
USR1794,muhammad.rizki@outlook.com,hashed_936bd70855f848ad8785,Muhammad Rizki,user,2021-06-16 04:13:08,2021-08-24 04:13:08
USR2323,ofirmansyah@ymail.com,hashed_f67644d05f4f47b39f7d,Okta Firmansyah,user,2021-05-25 16:34:21,2022-06-03 16:34:21
USR2233,rossa50@ymail.com,hashed_3f93f771444b456f9680,Rossa Roslaina,user,2022-09-03 10:20:14,2023-08-27 10:20:14
USR2405,esalmah@protonmail.com,hashed_08929a1d15b246579c19,Erin Salmah,user,2023-12-10 11:04:43,2025-03-16 11:04:43
USR2696,hidayat78@rocketmail.com,hashed_1326805dd521485183e8,Novan Hidayat,user,2021-04-04 22:26:32,2022-08-02 22:26:32
USR2659,jaudy@hotmail.com,hashed_ed9db89187cf492f9a67,Jihan Audy,user,2021-04-18 20:11:35,2022-08-26 20:11:35
USR2540,cahyonugroho@protonmail.com,hashed_f8156b97865b4bb592e6,Cahyo Nugroho,user,2021-04-13 16:56:56,2021-09-18 16:56:56
USR2328,ratna728@icloud.com,hashed_3325af20478e4923a6dc,Nabilah Ratna,user,2021-06-30 07:22:42,2022-08-29 07:22:42
USR2618,joko.widodo@outlook.com,hashed_1ff606b966114aadadfb,Joko Widodo,user,2022-10-07 12:00:58,2023-09-07 12:00:58
USR2129,nana20@outlook.com,hashed_d54626b7c2004b50b79b,Nana Mirdad,user,2021-03-19 07:16:48,2022-02-27 07:16:48
USR2030,sprabowo@rocketmail.com,hashed_4ca4dbde18b04d0dbf4a,Sigit Prabowo,user,2023-12-13 01:53:57,2024-07-03 01:53:57
USR2048,jwidodo@protonmail.com,hashed_fd60e0b9fbb546128b60,Joko Widodo,user,2022-03-29 11:24:24,2022-03-29 11:24:24
USR2242,hbasri@ymail.com,hashed_7e1eac342f084e1ebca2,Hasan Basri,user,2021-04-02 21:44:27,2022-07-10 21:44:27
USR2265,oki93@protonmail.com,hashed_be040be8b75f47248a50,Oki Setiana,user,2023-04-26 06:29:19,2023-11-10 06:29:19
USR2657,zhamdan@icloud.com,hashed_b4cd53c2c0d04cd4816c,Zaid Hamdan,user,2022-07-31 06:33:33,2023-02-06 06:33:33
USR1863,prisianasution@rocketmail.com,hashed_11b263d3d4ca4214b4ac,Prisia Nasution,user,2021-11-04 07:14:05,2022-06-09 07:14:05
